epoch,train_acc,train_loss,test_acc,test_loss
10,37.5,1.56979,30.3951,1.86716
20,37.5,1.7058,34.9544,1.65445
30,43.75,1.53021,35.2584,1.59155
40,31.25,1.60919,34.6505,1.43858
50,34.375,1.38656,38.2979,1.29329
60,25,1.06952,34.9544,1.22104
70,37.5,1.0955,33.1307,1.15011
80,56.25,0.941795,43.1611,1.12988
90,37.5,1.06292,46.2006,1.06942
100,56.25,0.858279,47.4164,1.02779
110,50,0.810072,46.8085,1.02221
120,53.125,0.839438,47.1125,1.02054
130,40.625,0.927045,45.8967,0.966698
140,43.75,1.04078,46.8085,0.954864
150,34.375,0.818234,49.2401,0.92484
160,31.25,1.0244,47.4164,0.919698
170,40.625,0.770246,43.465,0.92051
180,37.5,0.771793,34.6505,0.906031
190,28.125,0.742,45.2888,0.879748
200,31.25,0.837919,36.1702,0.880283
210,37.5,0.927765,46.8085,0.86235
220,34.375,0.866361,47.1125,0.864273
230,62.5,0.751245,47.1125,0.85285
240,56.25,0.789027,46.5046,0.835312
250,50,0.730061,45.2888,0.84818
260,40.625,0.725128,46.8085,0.835866
270,31.25,0.879565,34.6505,0.84084
280,40.625,0.648932,46.8085,0.816995
290,43.75,0.686181,47.1125,0.821672
300,43.75,0.753761,46.2006,0.809695
310,68.75,0.714424,46.5046,0.801613
320,53.125,0.608914,46.8085,0.808524
330,46.875,0.725302,47.1125,0.795172
340,53.125,0.651064,46.8085,0.795697
350,34.375,0.59879,37.386,0.798188
360,46.875,0.64808,46.5046,0.79324
370,50,0.662153,46.2006,0.789448
380,43.75,0.70009,45.8967,0.778982
390,43.75,0.740245,45.5927,0.777022
400,37.5,0.761091,35.8663,0.789592
410,37.5,0.749425,44.6809,0.787412
420,59.375,0.669935,46.2006,0.775257
430,43.75,0.710633,38.2979,0.775014
440,28.125,0.684135,38.2979,0.78461
450,56.25,0.611374,47.1125,0.766381
460,40.625,0.760158,44.6809,0.764659
470,59.375,0.710791,45.5927,0.768857
480,62.5,0.646179,45.8967,0.769503
490,37.5,0.672034,43.769,0.770502
500,56.25,0.591698,45.2888,0.752952
510,43.75,0.752877,44.6809,0.75376
520,50,0.612299,46.2006,0.74722
530,50,0.70486,47.4164,0.741912
540,37.5,0.596862,37.0821,0.747708
550,46.875,0.702132,44.9848,0.767433
560,43.75,0.629308,39.2097,0.756348
570,62.5,0.599824,45.5927,0.74785
580,65.625,0.560683,49.5441,0.755586
590,50,0.635181,47.4164,0.739411
600,50,0.650903,45.2888,0.736075
610,31.25,0.819987,39.2097,0.7428
620,46.875,0.636474,45.2888,0.732536
630,56.25,0.606289,45.5927,0.730619
640,31.25,0.686812,39.2097,0.732711
650,59.375,0.599208,48.3283,0.727247
660,50,0.651819,44.3769,0.737036
670,46.875,0.58463,45.5927,0.728223
680,50,0.685895,48.6322,0.724826
690,28.125,0.706122,39.5137,0.72537
700,53.125,0.65764,37.386,0.732861
710,50,0.69821,44.9848,0.731676
720,40.625,0.76745,48.6322,0.726348
730,59.375,0.602752,43.769,0.733618
740,62.5,0.6329,48.6322,0.723815
750,56.25,0.571231,45.5927,0.719842
760,25,0.665721,38.6018,0.734872
770,40.625,0.610765,37.386,0.732329
780,53.125,0.578342,44.9848,0.730217
790,46.875,0.663887,49.848,0.712476
800,43.75,0.669332,47.4164,0.710403
810,40.625,0.631549,48.0243,0.711363
820,46.875,0.72805,47.4164,0.709288
830,53.125,0.586319,46.8085,0.717579
840,43.75,0.767434,38.6018,0.717573
850,53.125,0.599378,46.2006,0.710482
860,50,0.658165,41.9453,0.727654
870,31.25,0.773157,41.9453,0.738779
880,46.875,0.623232,45.8967,0.710068
890,28.125,0.656234,47.1125,0.706619
900,37.5,0.619872,47.7204,0.704923
910,46.875,0.610509,48.9362,0.709783
920,59.375,0.634139,47.7204,0.703608
930,50,0.677839,42.2492,0.73411
940,46.875,0.642029,37.0821,0.709533
950,40.625,0.608724,45.8967,0.707115
960,53.125,0.614706,41.9453,0.726155
970,56.25,0.757089,45.5927,0.709157
980,34.375,0.685918,45.5927,0.722959
990,46.875,0.607762,38.2979,0.706072
1000,50,0.693819,44.3769,0.718975
1010,50,0.640825,50.152,0.700034
1020,50,0.613593,48.6322,0.704557
1030,50,0.649304,44.9848,0.704289
1040,43.75,0.691777,45.8967,0.704106
1050,37.5,0.651657,39.8176,0.713447
1060,40.625,0.657054,39.8176,0.715324
1070,75,0.49644,42.5532,0.711767
1080,56.25,0.618327,45.5927,0.696904
1090,40.625,0.632412,48.3283,0.689205
1100,56.25,0.575025,48.3283,0.690022
1110,50,0.604712,46.2006,0.703605
1120,46.875,0.633002,46.2006,0.705186
1130,56.25,0.613218,45.8967,0.695823
1140,46.875,0.559243,44.9848,0.707543
1150,59.375,0.54361,50.152,0.691749
1160,53.125,0.803263,42.2492,0.704608
1170,65.625,0.569457,41.9453,0.715601
1180,40.625,0.623838,45.2888,0.70727
1190,25,0.664923,37.9939,0.699972
1200,46.875,0.616968,43.769,0.697682
1210,56.25,0.619114,47.1125,0.690444
1220,50,0.589695,48.9362,0.685718
1230,56.25,0.607054,46.2006,0.69207
1240,62.5,0.527193,42.8571,0.700663
1250,31.25,0.699948,43.1611,0.697702
1260,40.625,0.646996,42.5532,0.705766
1270,78.125,0.58486,47.7204,0.690258
1280,34.375,0.77577,51.0638,0.692861
1290,40.625,0.671094,47.1125,0.690925
1300,50,0.659084,43.769,0.700297
1310,53.125,0.518492,47.1125,0.688756
1320,53.125,0.634512,41.9453,0.712902
1330,46.875,0.629811,49.848,0.689069
1340,40.625,0.711763,43.769,0.720582
1350,53.125,0.594063,47.1125,0.683902
1360,46.875,0.586791,51.0638,0.682534
1370,43.75,0.702036,50.4559,0.682811
1380,59.375,0.592568,46.5046,0.704087
1390,46.875,0.644148,49.848,0.680364
1400,53.125,0.628203,43.465,0.730421
1410,46.875,0.621001,47.1125,0.683593
1420,46.875,0.659793,48.9362,0.68683
1430,46.875,0.648917,48.9362,0.677497
1440,53.125,0.550179,45.8967,0.696465
1450,62.5,0.562678,49.2401,0.680185
1460,53.125,0.612955,46.2006,0.68291
1470,43.75,0.626504,49.2401,0.682671
1480,59.375,0.579062,46.5046,0.680681
1490,46.875,0.59522,44.3769,0.690002
1500,43.75,0.637126,41.9453,0.682582
1510,62.5,0.573808,48.9362,0.685368
1520,53.125,0.616849,45.8967,0.689918
1530,43.75,0.590575,47.7204,0.678357
1540,71.875,0.549837,47.7204,0.679639
1550,46.875,0.629493,46.5046,0.680674
1560,46.875,0.595541,48.6322,0.682113
1570,50,0.64295,48.6322,0.682829
1580,31.25,0.67112,37.0821,0.691643
1590,31.25,0.694718,45.8967,0.68135
1600,56.25,0.596232,47.7204,0.681928
1610,53.125,0.615511,38.6018,0.701286
1620,53.125,0.593503,43.769,0.701884
1630,59.375,0.52679,48.9362,0.677753
1640,62.5,0.513734,43.465,0.696461
1650,53.125,0.640046,46.8085,0.684872
1660,46.875,0.648002,44.0729,0.691416
1670,50,0.569462,47.1125,0.676692
1680,65.625,0.577632,47.4164,0.675524
1690,50,0.54456,48.9362,0.670086
1700,43.75,0.628786,37.69,0.680641
1710,46.875,0.602568,38.9058,0.680709
1720,59.375,0.597325,49.848,0.672943
1730,43.75,0.618809,47.1125,0.689761
1740,65.625,0.53884,49.5441,0.680395
1750,59.375,0.564839,47.7204,0.671292
1760,56.25,0.692984,48.0243,0.68099
1770,46.875,0.634607,48.6322,0.694968
1780,62.5,0.595987,49.848,0.682417
1790,56.25,0.599888,48.9362,0.669344
1800,53.125,0.621212,48.6322,0.671671
1810,43.75,0.613193,45.8967,0.686416
1820,43.75,0.637038,49.848,0.673141
1830,53.125,0.640252,48.3283,0.67495
1840,37.5,0.717021,44.3769,0.709029
1850,53.125,0.614136,45.8967,0.688545
1860,43.75,0.648251,48.6322,0.676041
1870,40.625,0.642663,47.7204,0.67945
1880,43.75,0.611636,47.1125,0.680024
1890,40.625,0.632131,38.6018,0.680473
1900,53.125,0.615302,46.2006,0.67564
1910,37.5,0.613434,37.386,0.699322
1920,37.5,0.717484,42.5532,0.688118
1930,46.875,0.668945,40.4255,0.674844
1940,43.75,0.669105,50.4559,0.671798
1950,46.875,0.618655,50.152,0.6748
1960,53.125,0.631548,43.465,0.691945
1970,43.75,0.630915,45.8967,0.696178
1980,34.375,0.706446,38.2979,0.698976
1990,53.125,0.584403,48.9362,0.677615
2000,50,0.6508,44.6809,0.688397
2010,46.875,0.593605,49.2401,0.67417
2020,46.875,0.602106,48.0243,0.6842
2030,53.125,0.561591,46.2006,0.676201
2040,34.375,0.638351,38.9058,0.683908
2050,40.625,0.611998,38.6018,0.695665
2060,56.25,0.548777,48.6322,0.669138
2070,50,0.586112,47.4164,0.675668
2080,50,0.582896,40.1216,0.680785
2090,40.625,0.677961,48.9362,0.675058
2100,46.875,0.591299,37.9939,0.695053
2110,56.25,0.646307,50.4559,0.674775
2120,59.375,0.595088,47.4164,0.676299
2130,28.125,0.696364,47.4164,0.679292
2140,62.5,0.552367,47.4164,0.671274
2150,62.5,0.562244,46.8085,0.677208
2160,53.125,0.599136,49.848,0.671772
2170,62.5,0.617154,47.1125,0.673639
2180,34.375,0.605133,38.9058,0.67864
2190,56.25,0.57701,48.3283,0.677699
2200,81.25,0.500366,48.9362,0.671901
2210,43.75,0.596467,49.848,0.670302
2220,53.125,0.621564,48.6322,0.674543
2230,46.875,0.599429,46.8085,0.676509
2240,59.375,0.626635,50.4559,0.67717
2250,50,0.685135,50.152,0.669031
2260,62.5,0.522938,47.4164,0.678872
2270,37.5,0.617765,50.4559,0.666878
2280,75,0.50313,49.2401,0.670051
2290,40.625,0.683357,46.8085,0.676591
2300,46.875,0.524054,40.1216,0.676426
2310,56.25,0.588622,44.3769,0.679104
2320,43.75,0.589534,39.2097,0.681597
2330,50,0.638752,50.152,0.67202
2340,37.5,0.730872,48.0243,0.67573
2350,53.125,0.57621,48.0243,0.671406
2360,50,0.642255,48.6322,0.680352
2370,34.375,0.657065,38.6018,0.687347
2380,46.875,0.607936,47.7204,0.667237
2390,53.125,0.569689,48.3283,0.668827
2400,65.625,0.535063,51.0638,0.669485
2410,50,0.581093,48.6322,0.673192
2420,46.875,0.599654,45.8967,0.679057
2430,34.375,0.648593,45.5927,0.682381
2440,56.25,0.591961,47.4164,0.684311
2450,50,0.550716,49.2401,0.669312
2460,53.125,0.637516,50.152,0.664618
2470,46.875,0.57934,48.9362,0.665842
2480,50,0.607093,46.8085,0.677642
2490,62.5,0.500542,45.2888,0.698639
2500,46.875,0.621198,47.7204,0.675177
2510,62.5,0.598506,48.9362,0.668056
2520,46.875,0.617869,48.9362,0.668544
2530,40.625,0.683731,49.5441,0.66688
2540,59.375,0.568348,50.4559,0.673154
2550,62.5,0.538655,48.6322,0.666092
2560,50,0.601391,47.7204,0.670554
2570,71.875,0.539348,49.848,0.664944
2580,43.75,0.61282,48.6322,0.668163
2590,50,0.549578,48.3283,0.667005
2600,56.25,0.601242,40.1216,0.68281
2610,46.875,0.535816,39.2097,0.673736
2620,53.125,0.531672,49.5441,0.662837
2630,53.125,0.592767,48.0243,0.664966
2640,56.25,0.613288,48.9362,0.665185
2650,59.375,0.53504,40.1216,0.671104
2660,37.5,0.639784,47.4164,0.671649
2670,53.125,0.545099,42.2492,0.66677
2680,53.125,0.535111,47.4164,0.674955
2690,50,0.59738,49.848,0.669429
2700,50,0.569581,47.4164,0.671571
2710,46.875,0.591289,39.8176,0.672688
2720,43.75,0.558724,50.7599,0.666628
2730,50,0.571164,49.848,0.668429
2740,56.25,0.597796,47.4164,0.687063
2750,50,0.656186,49.848,0.665698
2760,37.5,0.641053,39.2097,0.683532
2770,43.75,0.654726,50.152,0.677785
2780,40.625,0.635355,38.2979,0.722274
2790,56.25,0.550722,40.7295,0.668385
2800,59.375,0.518033,49.848,0.665394
2810,37.5,0.640358,48.9362,0.666654
2820,40.625,0.636357,48.6322,0.6632
2830,71.875,0.495287,49.848,0.673121
2840,50,0.588495,48.0243,0.665898
2850,53.125,0.566409,47.7204,0.665995
2860,50,0.60744,49.2401,0.670741
2870,62.5,0.486954,47.1125,0.677475
2880,59.375,0.55016,48.9362,0.666389
2890,50,0.676825,40.1216,0.672493
2900,50,0.594368,48.6322,0.66398
2910,43.75,0.613688,39.5137,0.680506
2920,62.5,0.490746,48.3283,0.666868
2930,37.5,0.67262,49.848,0.664391
2940,50,0.601363,48.6322,0.694273
2950,59.375,0.549394,49.2401,0.661386
2960,46.875,0.583592,49.848,0.66432
2970,46.875,0.620934,47.7204,0.681329
2980,46.875,0.611485,48.6322,0.662754
2990,53.125,0.592656,51.3678,0.663828
3000,56.25,0.526384,48.9362,0.666342
3010,62.5,0.554896,49.5441,0.666377
3020,50,0.600558,47.7204,0.680995
3030,43.75,0.594712,49.848,0.667516
3040,53.125,0.550815,51.3678,0.662549
3050,40.625,0.622105,49.5441,0.673579
3060,46.875,0.632114,48.6322,0.67027
3070,46.875,0.577228,50.7599,0.663633
3080,50,0.592117,48.9362,0.662693
3090,40.625,0.578431,49.848,0.665625
3100,37.5,0.624641,40.7295,0.668236
3110,43.75,0.644604,51.3678,0.662546
3120,40.625,0.670024,48.3283,0.673735
3130,68.75,0.511187,50.4559,0.664622
3140,56.25,0.644477,49.2401,0.666624
3150,46.875,0.582258,51.6717,0.665562
3160,62.5,0.529,48.0243,0.666928
3170,40.625,0.642714,40.4255,0.690191
3180,56.25,0.588654,50.4559,0.671427
3190,56.25,0.599844,48.6322,0.679481
3200,62.5,0.50385,48.3283,0.668194
3210,62.5,0.521279,48.0243,0.665885
3220,43.75,0.620035,49.848,0.665233
3230,46.875,0.606759,50.152,0.662349
3240,59.375,0.592983,50.152,0.659907
3250,46.875,0.600528,48.3283,0.668812
3260,37.5,0.609147,47.7204,0.66529
3270,43.75,0.673485,48.9362,0.672881
3280,43.75,0.555876,49.2401,0.664678
3290,62.5,0.554646,50.152,0.663045
3300,40.625,0.587937,40.1216,0.672034
3310,56.25,0.62879,49.5441,0.666621
3320,56.25,0.578004,48.3283,0.66608
3330,40.625,0.733232,49.2401,0.669392
3340,46.875,0.596641,40.1216,0.675067
3350,68.75,0.513695,47.4164,0.672178
3360,53.125,0.579977,51.0638,0.66208
3370,50,0.645757,50.152,0.661661
3380,53.125,0.582488,51.3678,0.664989
3390,59.375,0.510512,48.6322,0.666708
3400,56.25,0.575417,51.0638,0.670903
3410,50,0.614515,49.848,0.661354
3420,53.125,0.595588,41.6413,0.667862
3430,56.25,0.591558,48.6322,0.668167
3440,43.75,0.598445,51.3678,0.664902
3450,40.625,0.629324,51.0638,0.663912
3460,68.75,0.477585,47.7204,0.674117
3470,56.25,0.566871,49.2401,0.665572
3480,43.75,0.623495,48.9362,0.66344
3490,59.375,0.526289,48.0243,0.680854
3500,65.625,0.521831,49.5441,0.673865
3510,59.375,0.598467,51.0638,0.672263
3520,56.25,0.611612,48.6322,0.67243
3530,50,0.566429,50.152,0.661426
3540,59.375,0.550135,51.9757,0.658408
3550,50,0.595461,50.4559,0.67997
3560,62.5,0.510188,52.8875,0.662993
3570,62.5,0.529489,50.4559,0.665631
3580,65.625,0.4748,48.0243,0.664422
3590,50,0.593417,51.0638,0.657487
3600,46.875,0.552206,51.3678,0.660566
3610,62.5,0.529425,51.3678,0.658012
3620,53.125,0.578953,51.0638,0.656913
3630,53.125,0.559388,50.4559,0.657059
3640,56.25,0.560519,50.4559,0.657095
3650,46.875,0.662599,51.9757,0.663233
3660,65.625,0.485214,48.3283,0.669685
3670,56.25,0.582461,50.7599,0.661902
3680,62.5,0.568043,49.5441,0.669051
3690,50,0.605656,52.2796,0.656871
3700,56.25,0.557311,51.0638,0.658338
3710,56.25,0.527984,50.7599,0.661193
3720,62.5,0.563801,49.2401,0.664544
3730,59.375,0.570171,51.6717,0.661022
3740,65.625,0.599519,49.5441,0.678528
3750,65.625,0.512799,50.7599,0.664972
3760,40.625,0.663014,53.1915,0.657922
3770,50,0.549609,49.2401,0.66259
3780,56.25,0.629611,48.9362,0.663595
3790,37.5,0.663496,49.5441,0.66433
3800,56.25,0.569822,50.7599,0.667202
3810,65.625,0.537444,50.4559,0.665111
3820,62.5,0.53315,48.6322,0.6635
3830,50,0.590613,52.2796,0.65512
3840,71.875,0.520985,52.2796,0.659461
3850,56.25,0.557375,51.3678,0.658712
3860,50,0.564834,40.4255,0.663992
3870,56.25,0.543935,50.7599,0.662099
3880,50,0.559617,51.9757,0.665274
3890,50,0.621008,52.8875,0.65651
3900,46.875,0.614799,50.7599,0.661487
3910,28.125,0.572985,41.6413,0.666174
3920,56.25,0.588275,52.8875,0.65742
3930,46.875,0.632339,51.0638,0.657348
3940,53.125,0.509022,51.3678,0.677675
3950,53.125,0.584091,49.5441,0.660756
3960,53.125,0.509707,41.6413,0.664186
3970,46.875,0.639797,51.6717,0.654135
3980,68.75,0.511371,50.152,0.659109
3990,46.875,0.654246,48.6322,0.662934
4000,56.25,0.606058,50.152,0.663964
4010,43.75,0.64199,49.5441,0.665199
4020,50,0.587797,51.6717,0.654267
4030,68.75,0.496842,51.6717,0.659081
4040,31.25,0.687813,39.5137,0.704051
4050,46.875,0.58972,50.4559,0.66414
4060,56.25,0.628346,54.1033,0.660545
4070,43.75,0.566641,52.2796,0.655894
4080,68.75,0.535928,53.4954,0.659041
4090,56.25,0.568279,49.5441,0.65747
4100,56.25,0.544244,50.7599,0.655782
4110,56.25,0.562746,49.2401,0.662223
4120,62.5,0.531302,49.848,0.660285
4130,62.5,0.565831,52.8875,0.653728
4140,50,0.568918,50.4559,0.663516
4150,59.375,0.554076,48.9362,0.660948
4160,65.625,0.516306,53.1915,0.653796
4170,53.125,0.542636,52.2796,0.652367
4180,84.375,0.476943,53.1915,0.657575
4190,62.5,0.544095,52.2796,0.657693
4200,56.25,0.539282,52.5836,0.650366
4210,71.875,0.468298,50.7599,0.662424
4220,53.125,0.58816,51.6717,0.65232
4230,43.75,0.593729,40.4255,0.682103
4240,59.375,0.581313,52.8875,0.652045
4250,43.75,0.619761,48.6322,0.672554
4260,50,0.612409,51.0638,0.673967
4270,53.125,0.620682,52.8875,0.655616
4280,50,0.644806,51.6717,0.652369
4290,50,0.554541,52.8875,0.648076
4300,56.25,0.589514,52.2796,0.648938
4310,68.75,0.556931,51.9757,0.646829
4320,37.5,0.710834,52.5836,0.656163
4330,43.75,0.667503,51.9757,0.655606
4340,46.875,0.561143,52.5836,0.645732
4350,59.375,0.649522,52.2796,0.662122
4360,40.625,0.600703,49.2401,0.665082
4370,65.625,0.495976,51.6717,0.646263
4380,53.125,0.564481,51.6717,0.659137
4390,56.25,0.520341,51.0638,0.65402
4400,68.75,0.545605,52.2796,0.652246
4410,59.375,0.565184,51.9757,0.65109
4420,62.5,0.550148,51.9757,0.647161
4430,62.5,0.54695,52.2796,0.659687
4440,37.5,0.614633,40.7295,0.675217
4450,50,0.623775,51.3678,0.662785
4460,59.375,0.485297,52.2796,0.643719
4470,65.625,0.552551,53.1915,0.644413
4480,43.75,0.554934,52.8875,0.645745
4490,68.75,0.510421,52.5836,0.650901
4500,68.75,0.456582,51.6717,0.649926
4510,46.875,0.617527,52.8875,0.643359
4520,50,0.605749,55.9271,0.650506
4530,43.75,0.606697,53.7994,0.657246
4540,46.875,0.597189,55.0152,0.654305
4550,68.75,0.525352,54.1033,0.65302
4560,62.5,0.549369,53.7994,0.649024
4570,62.5,0.565187,51.6717,0.651272
4580,43.75,0.629145,51.6717,0.651594
4590,65.625,0.446234,50.4559,0.652523
4600,50,0.581037,51.3678,0.654629
4610,53.125,0.56047,52.8875,0.647965
4620,50,0.573956,53.1915,0.646219
4630,50,0.603547,52.2796,0.650557
4640,50,0.574689,51.0638,0.646629
4650,59.375,0.525234,51.6717,0.647863
4660,46.875,0.621297,52.5836,0.643535
4670,65.625,0.496436,54.7112,0.648375
4680,56.25,0.542734,52.5836,0.644788
4690,65.625,0.516521,51.6717,0.663506
4700,43.75,0.634156,49.2401,0.674885
4710,62.5,0.542303,52.8875,0.643247
4720,53.125,0.574841,52.5836,0.645989
4730,53.125,0.541834,53.7994,0.648373
4740,56.25,0.578055,50.7599,0.649184
4750,59.375,0.539558,52.5836,0.642046
4760,59.375,0.503769,49.848,0.658688
4770,68.75,0.508054,51.0638,0.651392
4780,53.125,0.610221,52.5836,0.642159
4790,59.375,0.48346,51.6717,0.640787
4800,56.25,0.489493,53.1915,0.64071
4810,59.375,0.551209,53.1915,0.641161
4820,56.25,0.546113,54.1033,0.646461
4830,46.875,0.613489,53.4954,0.648045
4840,40.625,0.686857,49.5441,0.675515
4850,53.125,0.552886,53.1915,0.643564
4860,62.5,0.502953,53.7994,0.642901
4870,56.25,0.606829,52.5836,0.655994
4880,59.375,0.495515,53.7994,0.642921
4890,40.625,0.629521,50.4559,0.64927
4900,50,0.582185,52.5836,0.657864
4910,62.5,0.476045,50.7599,0.642284
4920,50,0.608086,52.8875,0.648791
4930,40.625,0.608525,51.9757,0.640077
4940,68.75,0.472479,52.5836,0.649174
4950,50,0.559066,52.2796,0.640613
4960,68.75,0.516531,54.4073,0.651693
4970,53.125,0.538769,50.4559,0.648387
4980,53.125,0.602896,52.8875,0.644243
4990,53.125,0.605239,53.1915,0.643975
5000,40.625,0.629335,51.9757,0.640889
5010,46.875,0.569005,50.4559,0.65384
5020,78.125,0.493135,54.4073,0.653478
5030,59.375,0.54308,53.7994,0.640698
5040,50,0.633552,54.7112,0.648714
5050,46.875,0.571337,54.1033,0.640498
5060,62.5,0.526843,54.4073,0.645755
5070,71.875,0.437954,51.6717,0.65524
5080,59.375,0.538048,51.9757,0.678715
5090,59.375,0.513978,54.4073,0.645776
5100,53.125,0.5487,53.1915,0.640104
5110,71.875,0.487782,53.7994,0.64255
5120,59.375,0.529244,52.5836,0.646493
5130,53.125,0.559262,51.9757,0.657073
5140,53.125,0.549286,50.4559,0.645052
5150,53.125,0.523164,52.2796,0.640971
5160,68.75,0.457286,51.3678,0.651182
5170,65.625,0.488578,54.1033,0.646311
5180,53.125,0.540199,54.1033,0.640968
5190,68.75,0.446393,52.8875,0.641383
5200,46.875,0.602471,54.4073,0.642512
5210,53.125,0.487131,54.1033,0.637556
5220,43.75,0.625517,50.7599,0.652861
5230,37.5,0.63249,54.4073,0.663312
5240,56.25,0.574237,52.2796,0.643826
5250,56.25,0.576824,54.7112,0.641842
5260,62.5,0.521079,52.2796,0.641659
5270,43.75,0.676222,51.9757,0.639444
5280,53.125,0.572592,53.4954,0.646477
5290,62.5,0.540185,52.5836,0.641744
5300,62.5,0.599451,54.7112,0.645529
5310,62.5,0.512115,54.1033,0.639007
5320,71.875,0.413005,52.8875,0.634083
5330,71.875,0.488306,53.4954,0.635433
5340,53.125,0.582535,55.3191,0.640419
5350,46.875,0.523777,53.1915,0.640074
5360,56.25,0.618899,54.1033,0.642819
5370,62.5,0.570787,51.3678,0.640869
5380,65.625,0.51739,54.7112,0.659693
5390,53.125,0.54999,54.1033,0.644814
5400,75,0.465651,55.9271,0.637592
5410,68.75,0.447341,52.2796,0.637532
5420,50,0.520792,55.0152,0.644103
5430,78.125,0.382286,54.4073,0.63596
5440,75,0.438375,55.0152,0.643121
5450,50,0.591756,51.0638,0.648955
5460,43.75,0.598678,52.8875,0.64635
5470,46.875,0.54644,52.2796,0.638279
5480,53.125,0.608971,53.7994,0.633895
5490,65.625,0.480121,51.0638,0.632326
5500,56.25,0.493638,55.0152,0.640229
5510,59.375,0.488224,52.5836,0.633824
5520,59.375,0.530611,51.3678,0.648959
5530,50,0.583347,52.2796,0.632131
5540,40.625,0.633694,51.9757,0.645679
5550,68.75,0.482561,52.8875,0.632124
5560,62.5,0.476369,54.7112,0.634815
5570,56.25,0.487839,53.1915,0.633611
5580,53.125,0.575696,52.8875,0.631833
5590,50,0.621758,54.1033,0.650516
5600,56.25,0.544028,51.9757,0.652403
5610,53.125,0.580584,53.7994,0.635138
5620,43.75,0.61844,53.4954,0.642004
5630,62.5,0.545881,54.7112,0.647512
5640,56.25,0.538779,54.7112,0.631192
5650,46.875,0.622126,55.0152,0.635617
5660,71.875,0.428139,52.2796,0.631002
5670,59.375,0.516475,55.3191,0.63723
5680,56.25,0.550637,54.4073,0.64104
5690,71.875,0.418318,53.4954,0.642007
5700,56.25,0.568033,52.2796,0.635549
5710,43.75,0.622144,54.4073,0.634666
5720,59.375,0.567783,53.4954,0.646697
5730,65.625,0.513896,52.8875,0.657606
5740,56.25,0.507667,53.1915,0.634313
5750,56.25,0.504656,54.1033,0.630973
5760,53.125,0.571886,55.0152,0.643957
5770,37.5,0.660036,52.5836,0.636093
5780,56.25,0.543325,52.5836,0.630661
5790,53.125,0.492952,51.9757,0.636871
5800,59.375,0.557828,53.7994,0.649049
5810,50,0.591635,53.7994,0.631522
5820,62.5,0.541438,55.3191,0.636626
5830,50,0.58954,51.6717,0.637165
5840,50,0.584679,55.9271,0.633839
5850,56.25,0.488039,54.4073,0.628834
5860,62.5,0.509215,52.8875,0.628561
5870,62.5,0.520824,53.7994,0.62893
5880,81.25,0.399961,55.0152,0.634186
5890,59.375,0.459826,53.4954,0.630456
5900,56.25,0.620018,54.1033,0.660378
5910,56.25,0.498918,55.3191,0.634953
5920,65.625,0.483411,53.4954,0.632023
5930,53.125,0.578766,55.0152,0.640731
5940,65.625,0.450327,51.0638,0.658188
5950,56.25,0.49201,52.8875,0.657604
5960,50,0.540108,54.4073,0.639681
5970,53.125,0.546576,55.0152,0.636241
5980,53.125,0.583913,53.7994,0.634932
5990,59.375,0.533792,54.1033,0.632092
6000,43.75,0.642159,55.6231,0.653394
6010,68.75,0.435844,54.4073,0.630231
6020,59.375,0.491984,55.6231,0.631648
6030,56.25,0.56493,52.8875,0.650751
6040,46.875,0.630057,55.0152,0.655515
6050,43.75,0.657769,54.1033,0.633966
6060,46.875,0.582126,54.7112,0.635949
6070,59.375,0.550793,54.4073,0.630329
6080,75,0.439748,52.8875,0.629838
6090,59.375,0.528118,54.4073,0.650682
6100,53.125,0.55077,51.9757,0.629832
6110,62.5,0.542613,55.3191,0.626924
6120,53.125,0.638057,57.4468,0.627806
6130,75,0.426646,52.8875,0.639651
6140,56.25,0.550012,52.8875,0.628126
6150,53.125,0.55535,53.4954,0.639751
6160,53.125,0.560865,51.9757,0.632084
6170,56.25,0.57822,53.1915,0.627968
6180,68.75,0.446543,51.9757,0.626223
6190,62.5,0.544273,54.7112,0.626279
6200,68.75,0.416735,52.5836,0.634649
6210,50,0.597144,52.2796,0.647216
6220,56.25,0.531459,55.6231,0.629316
6230,53.125,0.528975,52.5836,0.633281
6240,78.125,0.399961,53.7994,0.63986
6250,56.25,0.537953,53.1915,0.630096
6260,71.875,0.43562,51.9757,0.63952
6270,71.875,0.559945,55.3191,0.632923
6280,65.625,0.475806,52.5836,0.628619
6290,59.375,0.584676,53.7994,0.646048
6300,65.625,0.516305,53.7994,0.631069
6310,62.5,0.513556,53.7994,0.625524
6320,59.375,0.516095,55.3191,0.638638
6330,43.75,0.603724,52.8875,0.633476
6340,59.375,0.509239,53.4954,0.625488
6350,59.375,0.495291,54.1033,0.625071
6360,56.25,0.568119,54.7112,0.632616
6370,71.875,0.506165,54.1033,0.637131
6380,43.75,0.582255,57.1429,0.624758
6390,53.125,0.554022,54.4073,0.621408
6400,40.625,0.542944,56.231,0.623745
6410,53.125,0.560874,54.1033,0.623917
6420,68.75,0.468222,55.6231,0.626891
6430,68.75,0.488459,56.8389,0.625381
6440,71.875,0.445003,52.5836,0.619243
6450,46.875,0.574949,54.7112,0.623749
6460,71.875,0.484706,54.7112,0.617979
6470,56.25,0.480314,54.1033,0.644066
6480,62.5,0.542654,55.0152,0.618987
6490,50,0.546742,53.1915,0.628209
6500,53.125,0.573299,52.2796,0.639037
6510,53.125,0.586167,56.231,0.641596
6520,56.25,0.486598,52.5836,0.620738
6530,56.25,0.547739,54.4073,0.62308
6540,46.875,0.673921,55.3191,0.625541
6550,53.125,0.575402,56.8389,0.624608
6560,59.375,0.536452,54.1033,0.621811
6570,59.375,0.42595,54.1033,0.625896
6580,75,0.43993,54.4073,0.622163
6590,65.625,0.540314,55.0152,0.621172
6600,59.375,0.500932,56.231,0.622514
6610,46.875,0.568795,55.9271,0.625714
6620,62.5,0.492456,55.6231,0.632289
6630,65.625,0.501252,55.6231,0.621966
6640,56.25,0.592359,55.3191,0.634436
6650,53.125,0.565223,55.0152,0.631934
6660,71.875,0.42995,54.7112,0.625072
6670,50,0.539169,54.7112,0.623239
6680,53.125,0.520706,53.7994,0.631549
6690,62.5,0.475629,54.4073,0.62129
6700,65.625,0.504322,55.9271,0.622863
6710,81.25,0.381866,54.4073,0.648056
6720,65.625,0.488485,56.231,0.626189
6730,59.375,0.478985,54.4073,0.627812
6740,65.625,0.492089,54.1033,0.630239
6750,68.75,0.492803,55.0152,0.619486
6760,53.125,0.587489,54.1033,0.628213
6770,53.125,0.546126,53.7994,0.629971
6780,62.5,0.563868,55.9271,0.630935
6790,56.25,0.554164,52.8875,0.627952
6800,65.625,0.496617,54.1033,0.624511
6810,59.375,0.51709,54.7112,0.622811
6820,78.125,0.386267,55.0152,0.625297
6830,71.875,0.424404,53.4954,0.623081
6840,59.375,0.507859,55.9271,0.623683
6850,56.25,0.510003,53.7994,0.619955
6860,62.5,0.494943,53.1915,0.619462
6870,53.125,0.538657,52.5836,0.618081
6880,56.25,0.529714,55.9271,0.625732
6890,62.5,0.571903,55.9271,0.62921
6900,62.5,0.442084,55.0152,0.623012
6910,75,0.395993,56.8389,0.633322
6920,65.625,0.491749,56.8389,0.617503
6930,56.25,0.522643,55.3191,0.635003
6940,65.625,0.499413,57.1429,0.621083
6950,56.25,0.572949,55.6231,0.648306
6960,53.125,0.599909,53.1915,0.616048
6970,71.875,0.415048,56.535,0.618739
6980,75,0.409756,56.231,0.616545
6990,68.75,0.51488,55.3191,0.626654
7000,53.125,0.517486,57.7508,0.618572
7010,68.75,0.451816,55.0152,0.621334
7020,53.125,0.463693,53.1915,0.617655
7030,65.625,0.452456,54.1033,0.623089
7040,53.125,0.551482,53.7994,0.642694
7050,62.5,0.456678,55.6231,0.617287
7060,65.625,0.503666,55.0152,0.620704
7070,53.125,0.620005,56.231,0.624244
7080,65.625,0.486195,53.1915,0.639612
7090,53.125,0.498076,55.0152,0.612581
7100,56.25,0.52163,54.4073,0.635914
7110,56.25,0.52676,53.4954,0.615659
7120,65.625,0.507562,54.1033,0.642936
7130,53.125,0.570584,56.8389,0.62432
7140,56.25,0.566315,53.1915,0.622627
7150,50,0.569046,54.4073,0.613939
7160,53.125,0.547189,55.6231,0.622363
7170,46.875,0.672554,53.4954,0.614935
7180,75,0.476196,53.1915,0.61745
7190,56.25,0.540859,54.1033,0.619838
7200,62.5,0.544695,54.1033,0.647541
7210,59.375,0.497806,54.4073,0.617859
7220,84.375,0.35414,56.231,0.63003
7230,62.5,0.509315,55.6231,0.619121
7240,65.625,0.414508,55.6231,0.622812
7250,37.5,0.552621,56.8389,0.618433
7260,53.125,0.521929,53.1915,0.635999
7270,65.625,0.44198,55.0152,0.616694
7280,59.375,0.508217,54.7112,0.617853
7290,68.75,0.472093,54.7112,0.61905
7300,50,0.584215,53.1915,0.614242
7310,65.625,0.479894,56.8389,0.620531
7320,65.625,0.473365,55.3191,0.625379
7330,46.875,0.588923,56.231,0.621588
7340,53.125,0.582383,55.9271,0.62489
7350,65.625,0.577905,56.535,0.634541
7360,37.5,0.685827,54.1033,0.631823
7370,68.75,0.455257,55.0152,0.617033
7380,40.625,0.635983,54.4073,0.616935
7390,62.5,0.513979,53.7994,0.614676
7400,62.5,0.475574,53.7994,0.623593
7410,50,0.579072,55.3191,0.615918
7420,56.25,0.521214,55.9271,0.619396
7430,53.125,0.504529,56.231,0.615122
7440,53.125,0.53115,54.7112,0.615889
7450,59.375,0.503852,55.0152,0.616725
7460,56.25,0.562101,56.535,0.617332
7470,65.625,0.474598,55.6231,0.613297
7480,59.375,0.466409,53.7994,0.634405
7490,71.875,0.42504,55.6231,0.618628
7500,75,0.391137,55.0152,0.613199
7510,59.375,0.526401,54.7112,0.61171
7520,56.25,0.510607,54.7112,0.615212
7530,81.25,0.412272,57.1429,0.620736
7540,59.375,0.571192,56.535,0.613211
7550,62.5,0.496534,53.1915,0.613615
7560,53.125,0.513668,55.6231,0.620651
7570,62.5,0.540107,55.3191,0.623544
7580,68.75,0.472694,56.535,0.61506
7590,56.25,0.553856,56.231,0.619903
7600,68.75,0.47064,55.0152,0.60877
7610,78.125,0.473122,56.8389,0.617993
7620,62.5,0.545537,54.4073,0.614913
7630,78.125,0.406221,56.231,0.612697
7640,59.375,0.462447,56.535,0.615227
7650,62.5,0.471301,55.3191,0.610486
7660,68.75,0.463813,55.6231,0.612706
7670,68.75,0.445603,55.6231,0.617233
7680,65.625,0.424116,56.8389,0.610896
7690,56.25,0.504629,52.2796,0.647104
7700,59.375,0.585341,54.1033,0.614924
7710,59.375,0.521616,54.7112,0.62095
7720,56.25,0.53075,56.231,0.614425
7730,75,0.403862,54.7112,0.61103
7740,53.125,0.541306,56.231,0.611958
7750,71.875,0.504323,54.7112,0.62951
7760,53.125,0.570941,57.7508,0.614963
7770,62.5,0.469553,57.7508,0.615848
7780,71.875,0.354467,54.1033,0.61025
7790,62.5,0.484177,55.3191,0.618563
7800,59.375,0.506304,54.1033,0.610576
7810,56.25,0.530808,54.4073,0.611139
7820,50,0.552515,56.535,0.61967
7830,65.625,0.43196,56.231,0.611936
7840,65.625,0.550409,57.7508,0.618396
7850,75,0.443896,54.7112,0.621745
7860,62.5,0.511307,55.3191,0.612932
7870,65.625,0.54826,56.231,0.628745
7880,50,0.602847,57.1429,0.611212
7890,65.625,0.481698,53.4954,0.607492
7900,81.25,0.343039,55.0152,0.615013
7910,68.75,0.486723,57.4468,0.616463
7920,56.25,0.500005,55.3191,0.611002
7930,68.75,0.376857,55.3191,0.618213
7940,62.5,0.500649,55.0152,0.62321
7950,46.875,0.63857,55.9271,0.610343
7960,78.125,0.441861,57.4468,0.613169
7970,68.75,0.470207,55.3191,0.617267
7980,53.125,0.539284,54.1033,0.642832
7990,68.75,0.486429,55.0152,0.608697
8000,71.875,0.421039,57.1429,0.60923
8010,71.875,0.433704,55.6231,0.614424
8020,46.875,0.612991,55.9271,0.610842
8030,50,0.539574,54.7112,0.607764
8040,62.5,0.525108,55.9271,0.608708
8050,68.75,0.435903,55.9271,0.612351
8060,65.625,0.45161,58.0547,0.609546
8070,62.5,0.433741,54.4073,0.632691
8080,75,0.413827,56.8389,0.604361
8090,56.25,0.480567,55.6231,0.604241
8100,68.75,0.434216,58.0547,0.613671
8110,62.5,0.547677,56.535,0.620337
8120,71.875,0.496639,55.3191,0.603847
8130,71.875,0.417883,55.9271,0.615899
8140,59.375,0.504579,56.8389,0.606211
8150,81.25,0.341544,55.3191,0.604145
8160,71.875,0.352987,55.3191,0.608797
8170,71.875,0.442337,57.1429,0.609099
8180,59.375,0.480665,56.231,0.612109
8190,46.875,0.577806,56.8389,0.613829
8200,75,0.441838,56.535,0.612543
8210,62.5,0.512009,55.6231,0.610003
8220,56.25,0.476712,57.4468,0.611934
8230,62.5,0.521934,56.231,0.614161
8240,53.125,0.564818,55.3191,0.625072
8250,71.875,0.431953,56.231,0.605271
8260,71.875,0.429867,55.9271,0.627033
8270,53.125,0.589759,58.0547,0.606828
8280,56.25,0.546304,56.231,0.608942
8290,59.375,0.571137,57.7508,0.606161
8300,71.875,0.500195,55.6231,0.607114
8310,71.875,0.483465,56.8389,0.60458
8320,46.875,0.5791,54.4073,0.624548
8330,62.5,0.491297,55.0152,0.606903
8340,56.25,0.521762,57.1429,0.608592
8350,53.125,0.542834,55.6231,0.614582
8360,87.5,0.359078,57.7508,0.621545
8370,62.5,0.49349,55.6231,0.609751
8380,43.75,0.56199,56.231,0.607463
8390,43.75,0.680665,55.6231,0.619091
8400,65.625,0.473596,57.7508,0.611354
8410,71.875,0.403533,56.535,0.619787
8420,62.5,0.452213,54.7112,0.635483
8430,62.5,0.523722,58.6626,0.6078
8440,50,0.604644,57.4468,0.624545
8450,56.25,0.552928,56.535,0.616322
8460,71.875,0.415322,55.9271,0.608258
8470,68.75,0.479561,56.535,0.603655
8480,75,0.444694,59.2705,0.618438
8490,78.125,0.393651,58.0547,0.606041
8500,46.875,0.597996,57.7508,0.602539
8510,71.875,0.482964,57.1429,0.605252
8520,59.375,0.554311,57.7508,0.605472
8530,65.625,0.54792,55.6231,0.624671
8540,65.625,0.427363,57.1429,0.606376
8550,68.75,0.400733,56.231,0.604321
8560,40.625,0.554815,55.9271,0.621653
8570,53.125,0.549198,57.4468,0.606284
8580,53.125,0.546242,55.9271,0.605506
8590,71.875,0.393091,55.0152,0.616955
8600,81.25,0.328345,57.4468,0.613371
8610,50,0.613676,55.6231,0.62779
8620,59.375,0.508319,55.3191,0.606439
8630,62.5,0.462197,57.1429,0.600726
8640,71.875,0.409621,57.7508,0.603882
8650,59.375,0.452543,56.231,0.606549
8660,62.5,0.458257,56.231,0.621934
8670,50,0.628095,57.7508,0.602383
8680,68.75,0.449856,57.1429,0.607972
8690,62.5,0.541585,57.7508,0.600277
8700,75,0.449399,58.0547,0.615574
8710,71.875,0.460544,57.7508,0.599256
8720,62.5,0.514739,57.4468,0.610517
8730,62.5,0.506384,57.4468,0.600053
8740,75,0.459521,58.6626,0.601954
8750,50,0.628909,55.6231,0.629003
8760,71.875,0.500024,56.535,0.61119
8770,62.5,0.477863,58.9666,0.600033
8780,65.625,0.483798,57.7508,0.602281
8790,53.125,0.576639,58.3587,0.615243
8800,56.25,0.515516,57.1429,0.59792
8810,65.625,0.491766,55.3191,0.599658
8820,53.125,0.572738,55.0152,0.631486
8830,65.625,0.456207,56.535,0.604906
8840,71.875,0.428281,57.4468,0.598675
8850,59.375,0.472155,56.535,0.611947
8860,50,0.603072,57.7508,0.599475
8870,71.875,0.514601,57.1429,0.604329
8880,59.375,0.55531,54.7112,0.626001
8890,62.5,0.530021,58.0547,0.597828
8900,56.25,0.5626,58.0547,0.605778
8910,68.75,0.495078,58.0547,0.604012
8920,75,0.409172,56.8389,0.59758
8930,62.5,0.460693,56.231,0.597678
8940,71.875,0.403938,56.231,0.613899
8950,62.5,0.475998,54.7112,0.620317
8960,65.625,0.456997,58.3587,0.612836
8970,71.875,0.476777,55.3191,0.621098
8980,75,0.390765,55.9271,0.624117
8990,78.125,0.404181,58.3587,0.598176
9000,71.875,0.438789,56.535,0.599713
9010,68.75,0.458709,57.4468,0.5989
9020,65.625,0.518513,56.231,0.61518
9030,53.125,0.597514,56.8389,0.600406
9040,43.75,0.619181,56.535,0.599656
9050,68.75,0.480245,57.7508,0.596479
9060,53.125,0.597587,56.231,0.605663
9070,68.75,0.442042,56.8389,0.609402
9080,56.25,0.476411,56.535,0.616695
9090,53.125,0.545971,58.6626,0.599012
9100,56.25,0.588702,55.9271,0.61873
9110,59.375,0.530394,56.231,0.607042
9120,62.5,0.515722,55.6231,0.603114
9130,53.125,0.511501,56.535,0.595908
9140,71.875,0.355731,55.6231,0.598066
9150,65.625,0.448444,57.4468,0.596443
9160,65.625,0.565231,56.535,0.605729
9170,71.875,0.438027,55.6231,0.597664
9180,71.875,0.453428,57.1429,0.602082
9190,65.625,0.515364,56.231,0.605401
9200,78.125,0.424488,57.4468,0.595011
9210,71.875,0.466719,57.7508,0.594448
9220,68.75,0.382261,57.1429,0.599505
9230,68.75,0.471703,58.0547,0.599093
9240,65.625,0.498697,57.7508,0.604101
9250,62.5,0.500473,60.1824,0.597931
9260,75,0.399314,57.7508,0.598831
9270,65.625,0.484827,58.0547,0.595623
9280,68.75,0.45083,57.1429,0.597585
9290,50,0.552356,57.7508,0.618686
9300,68.75,0.534658,56.535,0.612438
9310,56.25,0.539341,55.6231,0.604131
9320,65.625,0.494537,57.1429,0.600061
9330,68.75,0.409133,55.9271,0.610168
9340,53.125,0.551577,55.0152,0.639274
9350,68.75,0.514273,57.4468,0.60953
9360,78.125,0.347391,57.7508,0.608432
9370,75,0.478246,55.6231,0.614151
9380,62.5,0.528583,56.8389,0.601022
9390,71.875,0.434113,57.7508,0.601705
9400,65.625,0.473551,57.1429,0.596717
9410,71.875,0.456142,58.3587,0.603017
9420,65.625,0.540089,57.1429,0.607615
9430,68.75,0.415921,58.3587,0.6194
9440,68.75,0.395421,56.8389,0.611054
9450,65.625,0.49254,57.4468,0.594015
9460,68.75,0.425207,57.4468,0.610433
9470,62.5,0.501055,58.3587,0.593645
9480,65.625,0.463132,57.1429,0.591941
9490,75,0.376961,57.4468,0.596336
9500,68.75,0.38688,56.535,0.602914
9510,75,0.427353,57.7508,0.600124
9520,68.75,0.445221,58.0547,0.624075
9530,65.625,0.457987,57.7508,0.594171
9540,59.375,0.479547,59.2705,0.592607
9550,71.875,0.46832,57.7508,0.602279
9560,53.125,0.558122,55.6231,0.609003
9570,65.625,0.494583,58.0547,0.598891
9580,43.75,0.594643,57.7508,0.606804
9590,75,0.418374,57.7508,0.596051
9600,68.75,0.456569,56.8389,0.59676
9610,71.875,0.394951,56.8389,0.593617
9620,75,0.386517,57.1429,0.599857
9630,78.125,0.364324,56.8389,0.59643
9640,53.125,0.559777,58.9666,0.603084
9650,71.875,0.492873,57.7508,0.59791
9660,78.125,0.461494,57.4468,0.602895
9670,68.75,0.451152,57.1429,0.613929
9680,78.125,0.437369,57.4468,0.604904
9690,53.125,0.488415,56.535,0.615266
9700,53.125,0.475022,56.8389,0.608457
9710,71.875,0.47561,57.7508,0.592632
9720,62.5,0.568506,57.7508,0.605605
9730,78.125,0.355014,58.0547,0.59652
9740,59.375,0.475606,57.4468,0.597642
9750,59.375,0.498688,56.8389,0.596017
9760,75,0.432882,58.9666,0.592402
9770,65.625,0.465335,58.0547,0.588964
9780,78.125,0.367045,57.1429,0.611574
9790,53.125,0.548256,58.6626,0.590896
9800,68.75,0.471692,58.0547,0.591506
9810,68.75,0.481215,58.0547,0.595193
9820,81.25,0.394332,57.7508,0.591288
9830,78.125,0.417948,59.8784,0.591426
9840,46.875,0.59024,58.6626,0.600955
9850,62.5,0.507536,58.0547,0.593732
9860,62.5,0.448364,57.7508,0.608761
9870,68.75,0.412897,57.4468,0.593159
9880,56.25,0.536308,58.6626,0.593231
9890,71.875,0.44672,58.0547,0.593777
9900,65.625,0.450277,57.4468,0.615586
9910,68.75,0.446973,57.7508,0.598027
9920,62.5,0.505006,57.4468,0.600718
9930,68.75,0.432447,58.9666,0.594402
9940,71.875,0.44338,58.6626,0.594523
9950,68.75,0.407995,58.3587,0.594816
9960,56.25,0.505972,58.9666,0.59368
9970,53.125,0.537229,57.1429,0.598672
9980,62.5,0.486054,58.9666,0.598989
9990,78.125,0.406061,58.0547,0.596637
10000,71.875,0.471257,56.231,0.623107
10010,56.25,0.56819,58.6626,0.590753
10020,68.75,0.430058,56.535,0.597965
10030,62.5,0.509653,58.6626,0.591354
10040,75,0.374815,59.2705,0.59464
10050,62.5,0.499769,58.0547,0.590064
10060,81.25,0.398549,58.9666,0.588963
10070,65.625,0.485893,58.3587,0.58922
10080,71.875,0.391232,58.0547,0.589946
10090,53.125,0.571113,57.4468,0.60041
10100,87.5,0.338915,56.8389,0.611607
10110,53.125,0.492935,57.1429,0.591922
10120,75,0.428844,57.7508,0.589586
10130,71.875,0.452012,57.7508,0.591848
10140,71.875,0.40475,58.3587,0.594141
10150,68.75,0.559326,57.7508,0.598863
10160,68.75,0.427629,58.0547,0.59471
10170,50,0.578492,58.9666,0.594326
10180,81.25,0.402114,57.4468,0.59419
10190,62.5,0.508892,56.8389,0.599974
10200,78.125,0.403927,56.231,0.609326
10210,75,0.401221,58.0547,0.590355
10220,59.375,0.515518,57.4468,0.616702
10230,78.125,0.397315,58.3587,0.592169
10240,59.375,0.491713,58.6626,0.600032
10250,68.75,0.444735,57.1429,0.593854
10260,84.375,0.354524,56.535,0.610983
10270,65.625,0.503411,58.0547,0.604066
10280,56.25,0.577091,57.1429,0.596012
10290,50,0.63319,58.3587,0.591046
10300,68.75,0.408492,58.0547,0.599807
10310,59.375,0.523312,57.4468,0.59706
10320,53.125,0.634838,58.3587,0.598669
10330,59.375,0.490164,56.535,0.59645
10340,65.625,0.484802,57.4468,0.589435
10350,75,0.451988,58.0547,0.591495
10360,59.375,0.544973,58.0547,0.605129
10370,62.5,0.511365,57.7508,0.597299
10380,59.375,0.506799,58.6626,0.590745
10390,53.125,0.560286,58.3587,0.588783
10400,65.625,0.441714,57.1429,0.587739
10410,75,0.465195,57.7508,0.589204
10420,78.125,0.416435,57.1429,0.591371
10430,68.75,0.450287,58.3587,0.594663
10440,65.625,0.545942,58.0547,0.589997
10450,68.75,0.436627,56.231,0.622762
10460,81.25,0.45345,57.4468,0.591538
10470,78.125,0.376335,57.1429,0.595355
10480,65.625,0.455699,57.1429,0.608079
10490,78.125,0.376207,57.7508,0.596139
10500,81.25,0.417383,57.7508,0.59106
10510,78.125,0.398615,58.0547,0.595968
10520,68.75,0.46213,57.7508,0.589182
10530,71.875,0.461138,57.4468,0.589449
10540,68.75,0.432672,58.9666,0.594439
10550,81.25,0.416118,57.4468,0.589294
10560,65.625,0.51012,58.6626,0.589401
10570,81.25,0.353758,57.7508,0.602191
10580,65.625,0.484391,57.7508,0.591815
10590,62.5,0.487724,57.1429,0.587713
10600,68.75,0.513165,57.4468,0.587885
10610,68.75,0.417689,57.4468,0.596142
10620,59.375,0.455705,58.6626,0.589177
10630,71.875,0.439698,58.0547,0.597707
10640,65.625,0.429979,58.3587,0.588154
10650,62.5,0.47929,57.4468,0.589242
10660,68.75,0.442616,58.0547,0.59493
10670,50,0.626792,58.9666,0.587842
10680,65.625,0.448154,58.0547,0.588384
10690,68.75,0.40311,55.9271,0.594527
10700,75,0.421281,58.0547,0.584216
10710,56.25,0.547701,57.1429,0.588046
10720,68.75,0.469905,58.0547,0.600276
10730,84.375,0.31419,58.0547,0.584737
10740,81.25,0.36693,58.9666,0.589528
10750,78.125,0.369038,58.6626,0.589259
10760,68.75,0.462614,58.3587,0.58453
10770,78.125,0.399164,58.0547,0.590851
10780,68.75,0.458849,58.0547,0.597763
10790,68.75,0.523725,57.4468,0.58858
10800,62.5,0.445678,57.4468,0.585865
10810,68.75,0.438821,57.7508,0.5854
10820,68.75,0.526175,57.1429,0.587194
10830,62.5,0.504136,58.6626,0.593002
10840,62.5,0.447163,57.4468,0.588597
10850,68.75,0.513555,57.1429,0.604033
10860,62.5,0.431252,58.0547,0.600176
10870,50,0.627817,55.3191,0.631509
10880,62.5,0.538164,58.3587,0.589293
10890,62.5,0.489443,58.0547,0.584649
10900,68.75,0.472478,58.3587,0.585349
10910,68.75,0.451247,58.6626,0.592549
10920,71.875,0.430408,59.2705,0.584356
10930,75,0.37817,58.9666,0.589252
10940,71.875,0.419605,57.7508,0.582741
10950,59.375,0.510312,56.8389,0.609185
10960,81.25,0.279483,58.9666,0.587265
10970,78.125,0.393852,58.6626,0.603316
10980,59.375,0.480194,60.1824,0.58998
10990,68.75,0.495975,58.3587,0.593325
11000,50,0.588427,58.6626,0.586237
11010,56.25,0.549828,58.9666,0.58714
11020,59.375,0.534509,58.3587,0.590321
11030,62.5,0.515616,58.0547,0.601321
11040,53.125,0.522167,57.1429,0.607076
11050,68.75,0.461579,58.0547,0.588951
11060,59.375,0.516827,58.6626,0.588489
11070,68.75,0.415892,57.1429,0.586319
11080,62.5,0.526463,58.9666,0.585573
11090,68.75,0.403236,58.0547,0.586996
11100,59.375,0.502348,58.6626,0.593792
11110,65.625,0.503355,58.3587,0.588069
11120,75,0.377216,58.0547,0.58596
11130,65.625,0.45974,58.3587,0.595544
11140,56.25,0.53183,59.2705,0.586748
11150,71.875,0.420235,57.1429,0.600236
11160,56.25,0.609532,58.0547,0.588432
11170,68.75,0.436197,58.0547,0.583113
11180,78.125,0.435039,58.0547,0.584762
11190,71.875,0.378681,58.6626,0.583269
11200,59.375,0.533026,58.9666,0.581187
11210,75,0.369924,56.231,0.601415
11220,75,0.466472,57.7508,0.58629
11230,65.625,0.46064,57.7508,0.584245
11240,68.75,0.489119,58.0547,0.589571
11250,59.375,0.50449,58.0547,0.588381
11260,78.125,0.34628,57.7508,0.582979
11270,68.75,0.486698,57.7508,0.584659
11280,75,0.404943,59.2705,0.585328
11290,65.625,0.53315,57.7508,0.597201
11300,68.75,0.496461,58.0547,0.583988
11310,65.625,0.499778,58.6626,0.595692
11320,62.5,0.536301,58.0547,0.584189
11330,65.625,0.524297,58.0547,0.582314
11340,65.625,0.393643,57.7508,0.600316
11350,46.875,0.576405,58.0547,0.586878
11360,53.125,0.592505,58.6626,0.589697
11370,78.125,0.367563,58.9666,0.591779
11380,71.875,0.461356,58.3587,0.593505
11390,75,0.380758,58.6626,0.58269
11400,62.5,0.491288,57.1429,0.606656
11410,75,0.399716,58.3587,0.581953
11420,71.875,0.351997,58.0547,0.591244
11430,71.875,0.435913,58.3587,0.596528
11440,62.5,0.531132,58.3587,0.582714
11450,75,0.389671,57.4468,0.582805
11460,75,0.43202,59.2705,0.586015
11470,68.75,0.462317,57.1429,0.58501
11480,59.375,0.492858,59.2705,0.589586
11490,62.5,0.503402,58.9666,0.582671
11500,68.75,0.433331,58.3587,0.584917
11510,71.875,0.485537,56.8389,0.584766
11520,65.625,0.457093,57.7508,0.586753
11530,53.125,0.499738,59.5745,0.595783
11540,78.125,0.383805,59.2705,0.588471
11550,65.625,0.514678,58.6626,0.582178
11560,65.625,0.503497,58.3587,0.584391
11570,78.125,0.386774,57.4468,0.582519
11580,71.875,0.417111,58.3587,0.590727
11590,75,0.41387,58.3587,0.587044
11600,62.5,0.524175,58.3587,0.585722
11610,71.875,0.405587,57.7508,0.586149
11620,78.125,0.482901,58.3587,0.60404
11630,71.875,0.46312,57.1429,0.595524
11640,59.375,0.514771,58.0547,0.595136
11650,71.875,0.445023,58.0547,0.583014
11660,75,0.403412,58.9666,0.582086
11670,75,0.425705,59.2705,0.582525
11680,78.125,0.387201,58.9666,0.578146
11690,68.75,0.458169,58.6626,0.585186
11700,65.625,0.480092,58.0547,0.591773
11710,71.875,0.400895,57.7508,0.584072
11720,62.5,0.538657,57.7508,0.598814
11730,75,0.420833,59.5745,0.583707
11740,62.5,0.461293,58.9666,0.583352
11750,75,0.402333,57.7508,0.584356
11760,71.875,0.415291,57.7508,0.591835
11770,65.625,0.448914,58.6626,0.580029
11780,65.625,0.423037,58.6626,0.599879
11790,81.25,0.386263,58.9666,0.58883
11800,65.625,0.476316,58.0547,0.590404
11810,62.5,0.48379,58.0547,0.58473
11820,62.5,0.464886,58.6626,0.580369
11830,78.125,0.411944,57.4468,0.578684
11840,71.875,0.411648,58.6626,0.57787
11850,84.375,0.312866,58.6626,0.585556
11860,53.125,0.615504,57.7508,0.578052
11870,65.625,0.437907,59.5745,0.587484
11880,75,0.382372,58.6626,0.581019
11890,81.25,0.401571,58.6626,0.589237
11900,71.875,0.429126,57.4468,0.579218
11910,81.25,0.367529,58.9666,0.586456
11920,75,0.441963,58.9666,0.581565
11930,59.375,0.505615,58.3587,0.596572
11940,84.375,0.335101,59.2705,0.595426
11950,65.625,0.456634,58.3587,0.584223
11960,68.75,0.48692,57.4468,0.596099
11970,75,0.445273,58.3587,0.585518
11980,78.125,0.388787,58.3587,0.583231
11990,46.875,0.638861,59.5745,0.580385
12000,68.75,0.479372,58.9666,0.577852
12010,65.625,0.50206,58.0547,0.574839
12020,75,0.438272,59.5745,0.578491
12030,65.625,0.485689,58.6626,0.578177
12040,68.75,0.427756,58.9666,0.582392
12050,71.875,0.435016,58.3587,0.580123
12060,65.625,0.419693,58.9666,0.58318
12070,75,0.417661,58.6626,0.581406
12080,71.875,0.447746,58.3587,0.578539
12090,68.75,0.507993,59.5745,0.5803
12100,65.625,0.482225,59.2705,0.584548
12110,56.25,0.514243,58.6626,0.589292
12120,59.375,0.470695,57.4468,0.604403
12130,81.25,0.304517,58.9666,0.582023
12140,84.375,0.293526,58.0547,0.586265
12150,62.5,0.473892,59.2705,0.584538
12160,84.375,0.243909,59.2705,0.580245
12170,68.75,0.412311,59.2705,0.580499
12180,62.5,0.472662,59.2705,0.597042
12190,59.375,0.473196,58.3587,0.581284
12200,78.125,0.382481,58.0547,0.602971
12210,81.25,0.329185,58.9666,0.5816
12220,84.375,0.322489,58.9666,0.578956
12230,68.75,0.487274,59.5745,0.581441
12240,68.75,0.499276,60.1824,0.582054
12250,68.75,0.456342,58.9666,0.580191
12260,62.5,0.518973,59.2705,0.593275
12270,65.625,0.457186,58.9666,0.587937
12280,62.5,0.457282,58.0547,0.58725
12290,71.875,0.347915,59.2705,0.58149
12300,65.625,0.451867,58.3587,0.599489
12310,78.125,0.418666,59.8784,0.579079
12320,71.875,0.433353,59.2705,0.583659
12330,75,0.39799,59.2705,0.59574
12340,78.125,0.384983,59.2705,0.583499
12350,65.625,0.456006,59.2705,0.582662
12360,56.25,0.508737,59.8784,0.585726
12370,71.875,0.410895,59.2705,0.583993
12380,78.125,0.434531,57.7508,0.611791
12390,71.875,0.513438,59.8784,0.581924
12400,75,0.415734,59.8784,0.580744
12410,65.625,0.473671,58.9666,0.578548
12420,78.125,0.359604,59.2705,0.592303
12430,65.625,0.475244,58.9666,0.582633
12440,75,0.434001,58.3587,0.579478
12450,59.375,0.523166,58.0547,0.583721
12460,62.5,0.441296,58.3587,0.57869
12470,68.75,0.494848,58.9666,0.594326
12480,62.5,0.474346,58.3587,0.583929
12490,84.375,0.268928,59.5745,0.587412
12500,68.75,0.492394,58.6626,0.594964
12510,62.5,0.465296,58.9666,0.577538
12520,62.5,0.462919,59.5745,0.581762
12530,68.75,0.434443,58.3587,0.602619
12540,71.875,0.432693,59.5745,0.58892
12550,68.75,0.392471,58.3587,0.586983
12560,78.125,0.408213,59.5745,0.58757
12570,62.5,0.552861,60.1824,0.590938
12580,62.5,0.451995,59.5745,0.578335
12590,78.125,0.332093,58.9666,0.592541
12600,62.5,0.464911,59.8784,0.588773
12610,56.25,0.530664,59.2705,0.580496
12620,68.75,0.408647,59.2705,0.580582
12630,50,0.534402,58.6626,0.589901
12640,84.375,0.347289,58.9666,0.587063
12650,71.875,0.40393,58.6626,0.58005
12660,68.75,0.517957,59.2705,0.586382
12670,50,0.563335,59.8784,0.586923
12680,65.625,0.433192,58.3587,0.59662
12690,68.75,0.392349,58.3587,0.583536
12700,75,0.393468,59.2705,0.578863
12710,75,0.410723,59.8784,0.582473
12720,75,0.402013,60.1824,0.578082
12730,81.25,0.326128,59.8784,0.581473
12740,68.75,0.416014,58.9666,0.587291
12750,75,0.409568,59.5745,0.579312
12760,81.25,0.346229,59.8784,0.578536
12770,84.375,0.346316,59.8784,0.580849
12780,50,0.652137,59.2705,0.575322
12790,53.125,0.534389,58.3587,0.575247
12800,78.125,0.40123,58.3587,0.580731
12810,84.375,0.384172,58.9666,0.576733
12820,65.625,0.476331,59.2705,0.578553
12830,78.125,0.343567,58.3587,0.584885
12840,78.125,0.371012,58.9666,0.579288
12850,75,0.463043,58.6626,0.576048
12860,78.125,0.394505,59.8784,0.579752
12870,71.875,0.414051,59.5745,0.579516
12880,75,0.367471,59.2705,0.58181
12890,68.75,0.501105,58.9666,0.575314
12900,62.5,0.480523,59.5745,0.57419
12910,75,0.362915,59.2705,0.578322
12920,71.875,0.433163,59.8784,0.585771
12930,65.625,0.471566,59.2705,0.575908
12940,71.875,0.396109,59.2705,0.581342
12950,75,0.409451,61.0942,0.583781
12960,59.375,0.495516,58.9666,0.577192
12970,68.75,0.476383,59.5745,0.57762
12980,68.75,0.447169,59.5745,0.598335
12990,81.25,0.390832,59.2705,0.575643
13000,56.25,0.506282,59.2705,0.592652
13010,75,0.368856,58.9666,0.584887
13020,78.125,0.332368,60.1824,0.580934
13030,59.375,0.504587,60.4863,0.577031
13040,68.75,0.413027,58.9666,0.586083
13050,81.25,0.339397,59.2705,0.576358
13060,68.75,0.47441,59.8784,0.576733
13070,71.875,0.478081,58.9666,0.576712
13080,75,0.426206,60.4863,0.579917
13090,75,0.373242,58.6626,0.595042
13100,71.875,0.410145,60.4863,0.574969
13110,56.25,0.586652,59.2705,0.583258
13120,78.125,0.381851,59.2705,0.574971
13130,78.125,0.383593,59.5745,0.583509
13140,65.625,0.514471,58.9666,0.600951
13150,50,0.616877,58.6626,0.600355
13160,59.375,0.513108,59.8784,0.580164
13170,65.625,0.521147,59.2705,0.575487
13180,81.25,0.347081,60.4863,0.577662
13190,84.375,0.33959,60.1824,0.572532
13200,75,0.359938,59.2705,0.58947
13210,75,0.433573,59.2705,0.598263
13220,59.375,0.549799,58.9666,0.583182
13230,71.875,0.444447,60.4863,0.572911
13240,71.875,0.362491,59.8784,0.583799
13250,78.125,0.373853,59.8784,0.576852
13260,81.25,0.334079,60.7903,0.586645
13270,75,0.436879,57.7508,0.597097
13280,90.625,0.301214,59.8784,0.575249
13290,75,0.374493,59.8784,0.573925
13300,71.875,0.40976,61.0942,0.572188
13310,81.25,0.391866,58.9666,0.581303
13320,59.375,0.46493,61.3982,0.580103
13330,84.375,0.34382,59.5745,0.583952
13340,71.875,0.439047,58.6626,0.580195
13350,71.875,0.433883,58.3587,0.585016
13360,78.125,0.332133,59.2705,0.574715
13370,71.875,0.385311,59.8784,0.58382
13380,68.75,0.445519,59.5745,0.577701
13390,78.125,0.324889,59.2705,0.576399
13400,81.25,0.35267,59.8784,0.576475
13410,71.875,0.451025,58.9666,0.586687
13420,59.375,0.475073,58.9666,0.591278
13430,68.75,0.445994,59.8784,0.579533
13440,90.625,0.261524,59.2705,0.59224
13450,81.25,0.344195,60.4863,0.573792
13460,84.375,0.361589,58.9666,0.578855
13470,71.875,0.426944,60.7903,0.579854
13480,75,0.425029,60.4863,0.569964
13490,71.875,0.441043,58.3587,0.572313
13500,65.625,0.434973,59.8784,0.572326
13510,65.625,0.44895,59.5745,0.574352
13520,71.875,0.45481,59.5745,0.572542
13530,65.625,0.431502,60.1824,0.582802
13540,87.5,0.347768,60.1824,0.578608
13550,81.25,0.395523,60.1824,0.581965
13560,75,0.38557,59.5745,0.581176
13570,68.75,0.485979,60.1824,0.574044
13580,65.625,0.388231,59.8784,0.572886
13590,71.875,0.417211,59.2705,0.580974
13600,65.625,0.496206,60.4863,0.577604
13610,65.625,0.484358,60.1824,0.577372
13620,71.875,0.428471,59.8784,0.578689
13630,68.75,0.463667,58.0547,0.586536
13640,75,0.462048,59.8784,0.588237
13650,78.125,0.33818,59.2705,0.587114
13660,65.625,0.502507,60.1824,0.578481
13670,75,0.392624,60.1824,0.572532
13680,78.125,0.391249,60.4863,0.57812
13690,71.875,0.475496,60.1824,0.575389
13700,68.75,0.423552,60.4863,0.586368
13710,78.125,0.312236,58.9666,0.592718
13720,62.5,0.51316,59.8784,0.587415
13730,84.375,0.317372,59.5745,0.586804
13740,81.25,0.365745,59.5745,0.583595
13750,75,0.432568,60.1824,0.575735
13760,78.125,0.285757,59.5745,0.579636
13770,62.5,0.444266,58.6626,0.585452
13780,68.75,0.418845,60.4863,0.575543
13790,75,0.37351,58.9666,0.578625
13800,71.875,0.43941,60.1824,0.582988
13810,75,0.4293,59.2705,0.578122
13820,87.5,0.300126,58.6626,0.580557
13830,62.5,0.478014,60.4863,0.57603
13840,71.875,0.493766,58.3587,0.587958
13850,59.375,0.509038,60.4863,0.577893
13860,71.875,0.434301,60.1824,0.576562
13870,81.25,0.40484,59.5745,0.577225
13880,84.375,0.321996,59.5745,0.579093
13890,81.25,0.349653,59.8784,0.572087
13900,68.75,0.480056,59.2705,0.584791
13910,68.75,0.461339,61.0942,0.568165
13920,62.5,0.46182,59.8784,0.569618
13930,84.375,0.311047,60.7903,0.568584
13940,71.875,0.352348,60.4863,0.570147
13950,68.75,0.486987,59.2705,0.578687
13960,59.375,0.487584,60.1824,0.568916
13970,68.75,0.42885,59.2705,0.579403
13980,81.25,0.42237,59.5745,0.570833
13990,59.375,0.556813,61.3982,0.572471
14000,75,0.438301,61.0942,0.571333
14010,75,0.379199,61.3982,0.569376
14020,65.625,0.517349,61.3982,0.57945
14030,81.25,0.331244,59.8784,0.571058
14040,78.125,0.391961,58.6626,0.581363
14050,71.875,0.423924,59.8784,0.572416
14060,65.625,0.456711,59.5745,0.568937
14070,78.125,0.371006,60.7903,0.576323
14080,65.625,0.463821,61.3982,0.5692
14090,65.625,0.44951,60.4863,0.571685
14100,68.75,0.441624,60.1824,0.57266
14110,71.875,0.491469,60.7903,0.57117
14120,62.5,0.503801,60.1824,0.569084
14130,75,0.375683,59.5745,0.598576
14140,81.25,0.299985,60.4863,0.575361
14150,71.875,0.463094,60.7903,0.571792
14160,62.5,0.499144,60.1824,0.577027
14170,75,0.350173,60.4863,0.57477
14180,75,0.376268,58.6626,0.600541
14190,65.625,0.502785,60.7903,0.575029
14200,71.875,0.370108,60.4863,0.577346
14210,71.875,0.394318,60.7903,0.572489
14220,75,0.424446,60.7903,0.579721
14230,78.125,0.3856,60.4863,0.573159
14240,75,0.404832,59.5745,0.571203
14250,71.875,0.438663,61.0942,0.575741
14260,68.75,0.433271,60.1824,0.587912
14270,71.875,0.451948,61.0942,0.584511
14280,71.875,0.393476,59.5745,0.57456
14290,62.5,0.559334,59.2705,0.608326
14300,68.75,0.457493,60.7903,0.581917
14310,71.875,0.40947,59.8784,0.576286
14320,78.125,0.336656,59.8784,0.575335
14330,71.875,0.485724,60.4863,0.589164
14340,93.75,0.279495,60.7903,0.57224
14350,75,0.385969,59.2705,0.582325
14360,65.625,0.399036,61.3982,0.57896
14370,59.375,0.514975,60.4863,0.575074
14380,84.375,0.322312,61.7021,0.57342
14390,84.375,0.36207,60.7903,0.578371
14400,84.375,0.305577,60.4863,0.572393
14410,87.5,0.276698,60.4863,0.571007
14420,65.625,0.464338,59.5745,0.572017
14430,65.625,0.454293,59.5745,0.572457
14440,78.125,0.367494,59.5745,0.588159
14450,78.125,0.461844,58.6626,0.590221
14460,75,0.430997,60.1824,0.575933
14470,46.875,0.66674,60.7903,0.581087
14480,65.625,0.516162,58.0547,0.599313
14490,78.125,0.329351,60.4863,0.57698
14500,56.25,0.562592,61.3982,0.571138
14510,68.75,0.435813,61.3982,0.571912
14520,84.375,0.28252,60.4863,0.571216
14530,53.125,0.600705,60.1824,0.578766
14540,65.625,0.466263,60.7903,0.579643
14550,65.625,0.433698,60.7903,0.577607
14560,65.625,0.479035,58.3587,0.591726
14570,68.75,0.379144,60.1824,0.584236
14580,81.25,0.363915,60.1824,0.576054
14590,75,0.406444,60.4863,0.582227
14600,81.25,0.359326,61.3982,0.590677
14610,62.5,0.55487,60.1824,0.598276
14620,62.5,0.493908,61.3982,0.574877
14630,62.5,0.437091,60.4863,0.572841
14640,75,0.423577,60.7903,0.579214
14650,68.75,0.45047,59.8784,0.579774
14660,78.125,0.414844,61.3982,0.572595
14670,90.625,0.28543,60.4863,0.57635
14680,78.125,0.321465,60.4863,0.5738
14690,68.75,0.431296,60.7903,0.569762
14700,71.875,0.405931,60.7903,0.589194
14710,71.875,0.434117,61.0942,0.570359
14720,68.75,0.442243,61.0942,0.568404
14730,71.875,0.47003,59.8784,0.566995
14740,78.125,0.383339,60.4863,0.581365
14750,84.375,0.283846,61.3982,0.572387
14760,65.625,0.47904,61.0942,0.582629
14770,75,0.383326,61.0942,0.578318
14780,65.625,0.452936,60.4863,0.600767
14790,71.875,0.380077,59.5745,0.570348
14800,78.125,0.383666,61.0942,0.575599
14810,81.25,0.285978,60.1824,0.570629
14820,71.875,0.420112,60.7903,0.569329
14830,78.125,0.316753,60.4863,0.59836
14840,71.875,0.415346,60.4863,0.57137
14850,75,0.404179,61.7021,0.56882
14860,78.125,0.322619,61.3982,0.575659
14870,68.75,0.391572,61.0942,0.577418
14880,71.875,0.432895,61.3982,0.573252
14890,75,0.401461,61.3982,0.579679
14900,78.125,0.341062,60.7903,0.567573
14910,53.125,0.508601,61.0942,0.570292
14920,56.25,0.511838,60.4863,0.582462
14930,81.25,0.330286,61.7021,0.56639
14940,68.75,0.423801,59.8784,0.582504
14950,78.125,0.375696,61.0942,0.568657
14960,78.125,0.407592,61.0942,0.580621
14970,62.5,0.489964,60.1824,0.569198
14980,75,0.358159,61.0942,0.565058
14990,71.875,0.386387,60.7903,0.573466
15000,78.125,0.346389,62.614,0.568285
15010,68.75,0.48048,60.4863,0.568218
15020,81.25,0.340065,60.7903,0.569909
15030,78.125,0.370969,61.0942,0.57205
15040,75,0.395882,60.1824,0.575856
15050,75,0.369865,61.0942,0.575962
15060,71.875,0.446948,60.7903,0.580654
15070,65.625,0.442141,60.7903,0.569776
15080,84.375,0.287532,61.0942,0.571216
15090,68.75,0.382883,60.1824,0.56938
15100,71.875,0.392352,58.9666,0.579762
15110,59.375,0.520519,61.0942,0.570066
15120,65.625,0.476853,60.7903,0.57146
15130,78.125,0.387252,60.4863,0.569033
15140,62.5,0.500062,60.4863,0.576306
15150,68.75,0.437377,61.3982,0.574023
15160,81.25,0.298845,60.4863,0.56914
15170,81.25,0.306938,60.7903,0.576391
15180,65.625,0.541049,60.1824,0.584735
15190,75,0.341402,61.7021,0.56734
15200,71.875,0.413781,59.8784,0.571112
15210,68.75,0.416842,60.1824,0.589648
15220,87.5,0.280942,61.0942,0.56573
15230,68.75,0.501275,60.1824,0.580404
15240,87.5,0.267737,59.8784,0.573728
15250,65.625,0.50282,61.3982,0.564284
15260,68.75,0.43817,59.2705,0.567363
15270,78.125,0.363881,59.8784,0.570915
15280,65.625,0.502694,59.5745,0.566173
15290,78.125,0.444149,59.8784,0.565716
15300,65.625,0.428129,61.0942,0.56957
15310,71.875,0.403067,60.1824,0.56804
15320,71.875,0.418542,60.4863,0.577469
15330,81.25,0.349754,61.0942,0.566344
15340,68.75,0.431954,60.1824,0.572287
15350,75,0.411378,60.4863,0.572706
15360,59.375,0.505105,59.8784,0.576053
15370,65.625,0.421851,61.7021,0.573788
15380,68.75,0.411965,62.31,0.566864
15390,81.25,0.344382,61.0942,0.57008
15400,78.125,0.373199,60.7903,0.575373
15410,84.375,0.317569,61.7021,0.576065
15420,68.75,0.367365,60.4863,0.571188
15430,71.875,0.414968,60.4863,0.573903
15440,81.25,0.366004,61.7021,0.567882
15450,71.875,0.475492,60.1824,0.579946
15460,65.625,0.457481,61.3982,0.569194
15470,75,0.371854,60.7903,0.572078
15480,68.75,0.419001,61.0942,0.569084
15490,68.75,0.487844,61.3982,0.574823
15500,65.625,0.361715,61.7021,0.569986
15510,62.5,0.474178,61.3982,0.568863
15520,71.875,0.420547,62.31,0.566989
15530,78.125,0.39522,61.0942,0.582328
15540,65.625,0.391842,60.7903,0.571971
15550,81.25,0.336496,61.0942,0.570835
15560,75,0.397913,59.8784,0.572351
15570,65.625,0.459743,60.4863,0.571285
15580,62.5,0.484421,61.0942,0.5728
15590,68.75,0.415716,60.7903,0.572399
15600,75,0.369109,61.3982,0.577107
15610,71.875,0.441101,61.7021,0.57019
15620,81.25,0.318459,61.7021,0.566683
15630,75,0.347489,62.614,0.565726
15640,78.125,0.370724,61.7021,0.568629
15650,78.125,0.372234,60.1824,0.566031
15660,78.125,0.403265,61.0942,0.573639
15670,68.75,0.460066,61.7021,0.583029
15680,62.5,0.453792,61.3982,0.568389
15690,78.125,0.379955,61.3982,0.568808
15700,71.875,0.398943,61.7021,0.567068
15710,78.125,0.402252,60.7903,0.568337
15720,75,0.360173,61.7021,0.582033
15730,84.375,0.340732,60.7903,0.57376
15740,71.875,0.508238,61.3982,0.574153
15750,84.375,0.296503,60.4863,0.574458
15760,68.75,0.473449,61.0942,0.571522
15770,81.25,0.364387,60.7903,0.570121
15780,78.125,0.355837,61.0942,0.573351
15790,87.5,0.368542,60.4863,0.570939
15800,71.875,0.395543,61.7021,0.572508
15810,75,0.424327,61.0942,0.584068
15820,53.125,0.501504,62.31,0.572106
15830,78.125,0.395105,60.7903,0.581128
15840,81.25,0.367691,59.8784,0.571017
15850,75,0.415264,61.0942,0.578994
15860,75,0.345268,62.31,0.571446
15870,65.625,0.47953,61.7021,0.571557
15880,43.75,0.657618,60.7903,0.571245
15890,71.875,0.377576,60.1824,0.572356
15900,65.625,0.535092,60.7903,0.582328
15910,59.375,0.553474,61.3982,0.5864
15920,53.125,0.532323,60.4863,0.573272
15930,75,0.36505,60.7903,0.579507
15940,87.5,0.282322,61.7021,0.566064
15950,78.125,0.338062,62.0061,0.567769
15960,62.5,0.497103,61.0942,0.568447
15970,75,0.407545,61.0942,0.573163
15980,84.375,0.294389,61.0942,0.567299
15990,84.375,0.291566,60.7903,0.573325
16000,65.625,0.440589,62.0061,0.574083
16010,59.375,0.521741,62.31,0.572009
16020,75,0.397059,62.31,0.572568
16030,68.75,0.444939,62.614,0.57002
16040,84.375,0.341945,61.0942,0.568374
16050,75,0.37261,61.7021,0.578592
16060,50,0.575197,62.9179,0.566944
16070,65.625,0.512693,61.0942,0.570882
16080,71.875,0.431821,61.0942,0.575752
16090,81.25,0.320788,60.7903,0.567717
16100,78.125,0.354613,61.3982,0.565517
16110,75,0.461376,61.7021,0.583488
16120,78.125,0.357125,61.3982,0.572365
16130,71.875,0.471418,60.4863,0.582694
16140,65.625,0.375978,61.3982,0.570906
16150,75,0.409893,58.9666,0.568665
16160,81.25,0.277715,60.1824,0.581365
16170,71.875,0.390986,61.0942,0.578608
16180,53.125,0.494228,62.0061,0.569504
16190,71.875,0.342312,61.0942,0.566383
16200,71.875,0.364436,62.0061,0.578785
16210,71.875,0.441978,61.7021,0.568569
16220,90.625,0.26161,62.31,0.570988
16230,62.5,0.513402,62.614,0.562191
16240,78.125,0.384938,62.9179,0.567284
16250,71.875,0.434363,59.8784,0.583572
16260,78.125,0.374461,60.4863,0.578381
16270,68.75,0.466715,62.0061,0.562717
16280,65.625,0.488749,61.7021,0.567215
16290,75,0.38862,61.3982,0.576069
16300,65.625,0.557156,61.3982,0.585004
16310,75,0.383521,62.31,0.565022
16320,53.125,0.513743,60.7903,0.564256
16330,71.875,0.454867,61.7021,0.574182
16340,56.25,0.565809,61.0942,0.57213
16350,71.875,0.491411,61.0942,0.564201
16360,75,0.387467,61.3982,0.566791
16370,71.875,0.379755,62.31,0.564146
16380,87.5,0.281885,62.614,0.571169
16390,75,0.424943,61.0942,0.573437
16400,59.375,0.45838,62.0061,0.569356
16410,68.75,0.433921,62.9179,0.563313
16420,65.625,0.378744,62.0061,0.569613
16430,65.625,0.452121,62.0061,0.574506
16440,65.625,0.447602,61.3982,0.574824
16450,71.875,0.376558,62.31,0.566159
16460,71.875,0.4176,62.0061,0.561778
16470,87.5,0.290787,61.0942,0.57101
16480,78.125,0.390642,62.0061,0.563261
16490,59.375,0.468472,61.0942,0.579583
16500,78.125,0.359819,61.7021,0.564992
16510,81.25,0.32042,61.0942,0.578798
16520,75,0.338563,62.31,0.566214
16530,84.375,0.271776,62.0061,0.568021
16540,68.75,0.410282,62.614,0.561152
16550,65.625,0.455675,62.614,0.561427
16560,71.875,0.369872,62.614,0.560168
16570,81.25,0.283142,61.7021,0.570642
16580,84.375,0.311469,62.0061,0.573675
16590,78.125,0.321224,62.9179,0.563877
16600,81.25,0.288636,62.0061,0.576979
16610,78.125,0.385056,62.9179,0.570452
16620,71.875,0.385053,61.7021,0.570384
16630,78.125,0.342095,61.0942,0.569501
16640,71.875,0.401373,62.614,0.561983
16650,78.125,0.294993,62.0061,0.562398
16660,68.75,0.441837,61.0942,0.581785
16670,65.625,0.441918,61.0942,0.569469
16680,81.25,0.328981,61.3982,0.569093
16690,84.375,0.305779,63.5258,0.566347
16700,87.5,0.282282,62.0061,0.572834
16710,62.5,0.513169,61.3982,0.572433
16720,75,0.382331,60.7903,0.566051
16730,84.375,0.352821,61.3982,0.566348
16740,62.5,0.489613,62.31,0.568036
16750,53.125,0.54665,62.0061,0.564874
16760,71.875,0.431619,61.3982,0.5683
16770,81.25,0.336294,61.3982,0.564484
16780,84.375,0.274092,61.0942,0.566459
16790,78.125,0.352424,61.7021,0.567181
16800,84.375,0.312366,60.4863,0.576497
16810,68.75,0.429505,62.9179,0.568293
16820,71.875,0.481807,59.8784,0.562471
16830,78.125,0.381634,63.2219,0.564628
16840,81.25,0.354073,60.7903,0.574296
16850,68.75,0.434276,61.3982,0.5714
16860,71.875,0.439897,62.614,0.570483
16870,71.875,0.420134,62.614,0.565317
16880,75,0.438633,62.614,0.561744
16890,68.75,0.4552,62.9179,0.561663
16900,71.875,0.432567,61.3982,0.572841
16910,84.375,0.351701,62.31,0.567673
16920,50,0.538792,62.31,0.564596
16930,84.375,0.254338,62.31,0.562733
16940,81.25,0.340039,62.31,0.564053
16950,81.25,0.35762,62.9179,0.563665
16960,71.875,0.478529,61.0942,0.602161
16970,71.875,0.465607,61.0942,0.572845
16980,81.25,0.407022,61.7021,0.576899
16990,78.125,0.338044,62.31,0.565595
17000,90.625,0.245517,60.4863,0.571084
17010,78.125,0.425382,61.0942,0.566823
17020,65.625,0.426787,62.614,0.564638
17030,81.25,0.279139,62.9179,0.558595
17040,81.25,0.319857,61.3982,0.570303
17050,68.75,0.427125,62.0061,0.564392
17060,75,0.406077,63.5258,0.560061
17070,68.75,0.371525,62.9179,0.557386
17080,68.75,0.402919,62.614,0.561652
17090,87.5,0.311352,62.31,0.569025
17100,78.125,0.385827,61.0942,0.56968
17110,65.625,0.515006,61.3982,0.564673
17120,68.75,0.425412,62.31,0.57097
17130,75,0.349525,62.0061,0.564833
17140,65.625,0.486165,63.2219,0.561214
17150,87.5,0.269266,62.9179,0.563909
17160,59.375,0.478376,62.0061,0.565226
17170,81.25,0.382245,62.0061,0.565323
17180,87.5,0.288435,62.9179,0.562231
17190,75,0.434179,63.5258,0.558592
17200,71.875,0.397817,62.614,0.562349
17210,59.375,0.536403,62.9179,0.564828
17220,78.125,0.415421,63.2219,0.560059
17230,75,0.409387,63.5258,0.559061
17240,65.625,0.427009,62.9179,0.561786
17250,65.625,0.479167,62.9179,0.567018
17260,65.625,0.501211,63.2219,0.562175
17270,65.625,0.472541,62.9179,0.56577
17280,71.875,0.434014,62.614,0.561961
17290,62.5,0.508438,63.2219,0.561262
17300,71.875,0.410122,62.9179,0.563692
17310,90.625,0.25184,61.7021,0.564291
17320,65.625,0.431776,62.0061,0.566208
17330,87.5,0.304759,62.614,0.564091
17340,84.375,0.33523,62.9179,0.562574
17350,78.125,0.319027,62.9179,0.563391
17360,62.5,0.510144,63.5258,0.564314
17370,84.375,0.299301,63.2219,0.563636
17380,71.875,0.461841,61.7021,0.570827
17390,78.125,0.358946,61.0942,0.569666
17400,84.375,0.34555,61.3982,0.571191
17410,81.25,0.31398,63.8298,0.561012
17420,75,0.347684,62.31,0.564836
17430,71.875,0.407366,62.9179,0.562373
17440,87.5,0.267514,62.614,0.565271
17450,87.5,0.357463,62.614,0.563455
17460,90.625,0.222469,62.0061,0.563338
17470,75,0.395792,63.5258,0.562962
17480,71.875,0.409436,63.5258,0.5644
17490,71.875,0.396787,62.0061,0.574431
17500,68.75,0.380009,62.614,0.576075
17510,65.625,0.605693,62.9179,0.56994
17520,78.125,0.297436,62.614,0.56985
17530,71.875,0.447067,61.7021,0.572723
17540,62.5,0.519958,62.614,0.573561
17550,75,0.372183,63.2219,0.563772
17560,90.625,0.250587,63.5258,0.564161
17570,71.875,0.407971,62.9179,0.565996
17580,78.125,0.394739,62.9179,0.565905
17590,71.875,0.437335,62.614,0.566768
17600,62.5,0.429724,61.7021,0.57895
17610,81.25,0.364013,61.7021,0.573251
17620,75,0.470245,62.9179,0.56571
17630,81.25,0.319951,62.614,0.578941
17640,75,0.370129,63.5258,0.576445
17650,84.375,0.345076,62.31,0.567282
17660,78.125,0.335546,63.2219,0.575136
17670,75,0.359511,62.614,0.569877
17680,68.75,0.477037,62.31,0.564032
17690,75,0.421921,61.7021,0.565322
17700,78.125,0.345493,63.2219,0.572059
17710,84.375,0.258986,62.9179,0.567276
17720,71.875,0.363384,62.614,0.567342
17730,75,0.419217,63.2219,0.565506
17740,84.375,0.338948,62.0061,0.568722
17750,68.75,0.372031,62.9179,0.562587
17760,62.5,0.481243,62.0061,0.569568
17770,71.875,0.429365,60.7903,0.589789
17780,81.25,0.315355,63.2219,0.566017
17790,59.375,0.461542,64.1337,0.561356
17800,62.5,0.527316,61.7021,0.577575
17810,81.25,0.340914,62.614,0.564116
17820,78.125,0.395633,62.0061,0.57208
17830,78.125,0.314998,61.0942,0.574116
17840,84.375,0.297459,63.8298,0.561303
17850,84.375,0.319475,63.2219,0.566115
17860,81.25,0.365494,62.0061,0.575429
17870,75,0.389231,62.0061,0.567509
17880,68.75,0.458479,62.9179,0.572518
17890,71.875,0.385142,63.8298,0.562205
17900,71.875,0.442956,62.9179,0.566816
17910,71.875,0.493898,61.7021,0.5671
17920,68.75,0.438149,62.0061,0.568522
17930,84.375,0.320535,62.614,0.569889
17940,75,0.374382,63.8298,0.560414
17950,68.75,0.457514,61.7021,0.565391
17960,68.75,0.428175,63.2219,0.563331
17970,87.5,0.327055,63.8298,0.563985
17980,68.75,0.461871,63.8298,0.56018
17990,81.25,0.304997,64.1337,0.5611
18000,71.875,0.48216,62.614,0.562464
18010,68.75,0.484922,62.31,0.567828
18020,81.25,0.313059,63.5258,0.561772
18030,96.875,0.144815,63.8298,0.562805
18040,87.5,0.296713,62.614,0.565796
18050,75,0.467957,62.614,0.566995
18060,78.125,0.364366,63.2219,0.563826
18070,71.875,0.384868,62.9179,0.563401
18080,75,0.376955,63.2219,0.566299
18090,78.125,0.345239,61.7021,0.567169
18100,71.875,0.393163,63.2219,0.559182
18110,71.875,0.435298,64.1337,0.563921
18120,81.25,0.355026,62.614,0.568846
18130,68.75,0.400465,64.1337,0.559862
18140,75,0.463512,62.9179,0.562912
18150,78.125,0.353237,62.614,0.567847
18160,75,0.377239,63.2219,0.55781
18170,81.25,0.30317,63.5258,0.565838
18180,68.75,0.490264,63.8298,0.558006
18190,78.125,0.279288,62.9179,0.561743
18200,75,0.363786,62.614,0.572435
18210,78.125,0.34737,63.2219,0.558281
18220,81.25,0.386809,63.2219,0.558808
18230,75,0.385476,62.0061,0.5605
18240,68.75,0.430458,63.2219,0.559854
18250,84.375,0.287687,62.614,0.565332
18260,71.875,0.442861,63.2219,0.56067
18270,78.125,0.282881,63.8298,0.559306
18280,78.125,0.369112,63.2219,0.561541
18290,93.75,0.269323,64.4377,0.566792
18300,75,0.453888,62.31,0.577022
18310,84.375,0.27296,62.31,0.577294
18320,84.375,0.282991,62.9179,0.560699
18330,90.625,0.230098,62.9179,0.561476
18340,81.25,0.295725,62.9179,0.561484
18350,62.5,0.469041,63.2219,0.561191
18360,81.25,0.361656,61.7021,0.568265
18370,81.25,0.284033,63.5258,0.561383
18380,68.75,0.48398,62.0061,0.56764
18390,71.875,0.374555,64.1337,0.561841
18400,78.125,0.400549,62.9179,0.570998
18410,84.375,0.277607,63.2219,0.560201
18420,68.75,0.4351,63.8298,0.558551
18430,84.375,0.32837,63.2219,0.562327
18440,78.125,0.393518,63.5258,0.576945
18450,81.25,0.322464,63.5258,0.559411
18460,62.5,0.513252,62.614,0.566541
18470,71.875,0.432377,64.4377,0.560318
18480,65.625,0.438939,63.2219,0.564644
18490,87.5,0.29735,63.8298,0.560493
18500,75,0.351292,64.1337,0.558032
18510,71.875,0.466047,63.2219,0.570514
18520,78.125,0.377111,62.9179,0.571948
18530,81.25,0.344222,62.31,0.573659
18540,78.125,0.330952,62.9179,0.569917
18550,78.125,0.379084,63.2219,0.56154
18560,78.125,0.358749,62.31,0.566666
18570,68.75,0.508439,63.5258,0.581969
18580,87.5,0.283541,62.614,0.560345
18590,84.375,0.309731,62.9179,0.568591
18600,78.125,0.314692,63.2219,0.562091
18610,65.625,0.444887,63.5258,0.560311
18620,65.625,0.486508,63.2219,0.563412
18630,71.875,0.414416,62.614,0.568792
18640,81.25,0.358917,62.614,0.567547
18650,62.5,0.461054,64.4377,0.561581
18660,75,0.368182,64.1337,0.562065
18670,59.375,0.585551,63.8298,0.563765
18680,78.125,0.381884,62.614,0.573126
18690,87.5,0.289519,63.8298,0.566208
18700,84.375,0.34326,62.31,0.575572
18710,68.75,0.423625,63.8298,0.561267
18720,65.625,0.449894,63.2219,0.575898
18730,78.125,0.373461,63.5258,0.557932
18740,65.625,0.441569,63.8298,0.561066
18750,78.125,0.377644,63.8298,0.559965
18760,62.5,0.446692,64.7416,0.56248
18770,59.375,0.559079,64.1337,0.566937
18780,84.375,0.317188,63.8298,0.562937
18790,81.25,0.324455,63.2219,0.56247
18800,65.625,0.456197,64.7416,0.56121
18810,65.625,0.497212,62.9179,0.568363
18820,65.625,0.52142,63.8298,0.561772
18830,81.25,0.306822,62.9179,0.565197
18840,75,0.378225,63.8298,0.561402
18850,68.75,0.49672,62.9179,0.561573
18860,87.5,0.264905,62.9179,0.558184
18870,71.875,0.422455,63.8298,0.562175
18880,78.125,0.371743,64.4377,0.559751
18890,65.625,0.446323,62.614,0.57561
18900,68.75,0.389508,62.31,0.572165
18910,59.375,0.516754,63.2219,0.567759
18920,68.75,0.418212,63.8298,0.568527
18930,71.875,0.480123,63.2219,0.560986
18940,78.125,0.34686,62.0061,0.564437
18950,71.875,0.43452,62.9179,0.560733
18960,78.125,0.310916,63.8298,0.55818
18970,75,0.358702,62.614,0.569511
18980,68.75,0.394138,64.1337,0.562282
18990,81.25,0.391153,63.5258,0.560328
19000,78.125,0.348078,62.9179,0.574139
19010,78.125,0.322938,63.5258,0.558379
19020,81.25,0.266949,64.1337,0.563469
19030,68.75,0.413801,63.8298,0.559821
19040,78.125,0.37469,65.3495,0.561119
19050,78.125,0.363648,63.8298,0.558766
19060,71.875,0.385141,63.8298,0.563386
19070,59.375,0.534653,63.5258,0.562657
19080,87.5,0.287428,64.1337,0.568218
19090,68.75,0.409965,63.8298,0.557748
19100,68.75,0.35821,62.9179,0.559413
19110,81.25,0.338602,63.8298,0.562764
19120,90.625,0.249519,64.4377,0.564924
19130,78.125,0.35413,64.1337,0.56243
19140,90.625,0.273001,64.4377,0.565782
19150,87.5,0.290535,63.2219,0.568167
19160,65.625,0.370129,63.8298,0.560238
19170,75,0.368264,64.1337,0.560171
19180,78.125,0.329988,64.4377,0.555543
19190,84.375,0.287533,64.1337,0.558849
19200,81.25,0.303969,64.1337,0.556186
19210,78.125,0.384269,64.4377,0.559226
19220,62.5,0.417986,62.614,0.55705
19230,84.375,0.287397,64.1337,0.557467
19240,78.125,0.334939,62.9179,0.567512
19250,65.625,0.40607,63.5258,0.561441
19260,75,0.375308,63.5258,0.556311
19270,71.875,0.361882,62.0061,0.571122
19280,78.125,0.362096,63.2219,0.560319
19290,78.125,0.344931,61.7021,0.565282
19300,78.125,0.311249,62.31,0.582153
19310,87.5,0.269334,62.614,0.560021
19320,81.25,0.367629,64.1337,0.560578
19330,68.75,0.41888,63.5258,0.582855
19340,59.375,0.490148,64.1337,0.569096
19350,56.25,0.502064,63.2219,0.58078
19360,75,0.458965,63.5258,0.557991
19370,75,0.348596,63.5258,0.558153
19380,75,0.375609,63.2219,0.565051
19390,78.125,0.389149,62.9179,0.562933
19400,81.25,0.348874,62.31,0.560872
19410,78.125,0.413133,63.2219,0.572545
19420,78.125,0.342208,63.5258,0.563894
19430,75,0.340499,61.7021,0.580074
19440,78.125,0.316264,63.8298,0.564842
19450,71.875,0.390763,62.31,0.561438
19460,84.375,0.271615,63.8298,0.564284
19470,65.625,0.490466,62.614,0.562252
19480,68.75,0.448618,64.1337,0.560488
19490,75,0.338729,63.2219,0.567991
19500,62.5,0.463849,63.5258,0.561671
19510,71.875,0.385252,64.7416,0.556512
19520,75,0.333099,64.1337,0.558893
19530,78.125,0.336934,63.8298,0.55817
19540,93.75,0.245116,61.7021,0.565867
19550,71.875,0.36563,62.0061,0.571892
19560,78.125,0.399602,64.4377,0.558349
19570,90.625,0.241659,63.8298,0.56088
19580,71.875,0.39134,63.2219,0.564806
19590,75,0.337378,61.7021,0.568722
19600,71.875,0.448215,62.9179,0.557142
19610,68.75,0.443108,63.5258,0.557728
19620,56.25,0.508013,63.5258,0.558707
19630,93.75,0.257439,64.4377,0.561573
19640,78.125,0.359978,64.7416,0.564899
19650,71.875,0.407531,62.0061,0.581683
19660,87.5,0.234586,62.0061,0.577872
19670,65.625,0.41481,62.9179,0.562468
19680,81.25,0.367503,63.8298,0.565045
19690,84.375,0.308353,62.614,0.567437
19700,75,0.368041,63.5258,0.561914
19710,71.875,0.323825,62.614,0.571842
19720,68.75,0.393664,64.7416,0.56311
19730,84.375,0.296175,61.3982,0.572468
19740,75,0.361945,63.8298,0.561263
19750,81.25,0.350024,62.0061,0.568259
19760,68.75,0.461005,61.7021,0.573004
19770,78.125,0.380378,64.1337,0.560492
19780,78.125,0.395345,63.5258,0.560822
19790,78.125,0.325012,61.7021,0.572722
19800,65.625,0.484754,62.614,0.565712
19810,68.75,0.420397,61.3982,0.573415
19820,81.25,0.293159,64.1337,0.554865
19830,81.25,0.369761,65.3495,0.559616
19840,71.875,0.448385,63.8298,0.563993
19850,65.625,0.43994,63.2219,0.557291
19860,62.5,0.487937,61.3982,0.579421
19870,87.5,0.285367,62.9179,0.574338
19880,75,0.408447,63.2219,0.55869
19890,84.375,0.273963,64.1337,0.558716
19900,75,0.385727,63.2219,0.561536
19910,84.375,0.286924,63.5258,0.559869
19920,81.25,0.343645,64.4377,0.558623
19930,87.5,0.222392,62.31,0.568867
19940,65.625,0.417818,64.1337,0.565481
19950,71.875,0.443703,64.1337,0.560063
19960,93.75,0.290003,61.3982,0.581465
19970,68.75,0.40816,64.4377,0.574455
19980,68.75,0.387591,64.1337,0.569283
19990,71.875,0.44913,63.8298,0.561321
20000,75,0.308017,62.614,0.565456
20010,68.75,0.428867,63.8298,0.561284
20020,75,0.378609,62.9179,0.56163
20030,56.25,0.572989,63.8298,0.559805
20040,81.25,0.318221,64.4377,0.559103
20050,84.375,0.316925,63.8298,0.561955
20060,71.875,0.36879,64.7416,0.557911
20070,78.125,0.336485,64.4377,0.558701
20080,96.875,0.170206,65.0456,0.562311
20090,68.75,0.425642,64.4377,0.570279
20100,75,0.377514,65.0456,0.557629
20110,90.625,0.191674,63.8298,0.564212
20120,78.125,0.370148,62.31,0.571959
20130,78.125,0.340703,62.614,0.562083
20140,62.5,0.441795,62.614,0.567465
20150,78.125,0.376257,64.1337,0.557616
20160,87.5,0.327679,64.1337,0.562879
20170,78.125,0.381829,62.9179,0.555888
20180,75,0.412159,63.5258,0.556734
20190,62.5,0.484364,62.0061,0.561099
20200,81.25,0.278729,63.5258,0.561046
20210,81.25,0.391395,62.614,0.563249
20220,87.5,0.324643,63.8298,0.57036
20230,78.125,0.384601,63.8298,0.573622
20240,75,0.330584,63.5258,0.562026
20250,81.25,0.323603,63.8298,0.564198
20260,81.25,0.330825,63.2219,0.575251
20270,87.5,0.255241,63.8298,0.558683
20280,78.125,0.401911,64.1337,0.559738
20290,78.125,0.360997,62.31,0.559012
20300,84.375,0.35656,63.8298,0.569233
20310,84.375,0.310524,62.9179,0.5592
20320,65.625,0.489528,64.1337,0.558488
20330,78.125,0.375637,64.4377,0.559443
20340,81.25,0.352235,64.1337,0.559946
20350,71.875,0.357222,63.8298,0.559116
20360,78.125,0.416281,63.8298,0.559101
20370,71.875,0.436328,63.5258,0.555875
20380,68.75,0.464925,64.1337,0.559491
20390,78.125,0.328326,64.4377,0.556264
20400,68.75,0.408967,64.4377,0.559594
20410,68.75,0.433831,65.0456,0.558891
20420,68.75,0.451915,63.8298,0.556899
20430,78.125,0.320409,63.5258,0.562098
20440,87.5,0.25978,63.5258,0.557789
20450,71.875,0.409539,63.8298,0.57268
20460,71.875,0.412211,63.8298,0.564814
20470,78.125,0.341082,62.9179,0.572633
20480,75,0.405691,63.5258,0.563531
20490,71.875,0.450375,64.1337,0.559889
20500,84.375,0.33083,64.7416,0.565764
20510,75,0.360081,62.31,0.570312
20520,78.125,0.332496,63.8298,0.55578
20530,65.625,0.488989,63.8298,0.55931
20540,75,0.36534,63.8298,0.557743
20550,84.375,0.338276,62.9179,0.55771
20560,75,0.441993,63.2219,0.564487
20570,81.25,0.329261,64.4377,0.562853
20580,87.5,0.250662,64.4377,0.559312
20590,87.5,0.264872,62.9179,0.560728
20600,81.25,0.313234,64.1337,0.568245
20610,78.125,0.288698,63.5258,0.556699
20620,84.375,0.278617,64.4377,0.561141
20630,78.125,0.312871,64.4377,0.555591
20640,81.25,0.305935,63.8298,0.559773
20650,75,0.359947,63.8298,0.559038
20660,71.875,0.362097,63.2219,0.560365
20670,62.5,0.490076,64.1337,0.562883
20680,84.375,0.257286,63.2219,0.556236
20690,71.875,0.3764,64.1337,0.555349
20700,75,0.312497,64.1337,0.561192
20710,71.875,0.398794,62.614,0.561795
20720,84.375,0.247147,63.8298,0.55558
20730,90.625,0.242258,63.5258,0.55593
20740,75,0.348335,64.4377,0.555926
20750,62.5,0.558817,64.1337,0.559553
20760,84.375,0.295097,63.2219,0.560515
20770,78.125,0.379393,62.614,0.561622
20780,78.125,0.32515,64.4377,0.558184
20790,75,0.392191,63.5258,0.556627
20800,68.75,0.389293,63.5258,0.565518
20810,71.875,0.433216,64.4377,0.563748
20820,68.75,0.423087,64.7416,0.558428
20830,75,0.393836,64.1337,0.564135
20840,84.375,0.277755,64.4377,0.563383
20850,87.5,0.267445,63.5258,0.560566
20860,78.125,0.316118,64.1337,0.556442
20870,84.375,0.325929,63.2219,0.578874
20880,81.25,0.363562,64.4377,0.559718
20890,78.125,0.334546,63.5258,0.573436
20900,75,0.390147,64.4377,0.570714
20910,84.375,0.316813,64.4377,0.55444
20920,59.375,0.424352,64.4377,0.553744
20930,81.25,0.319106,63.2219,0.555358
20940,78.125,0.351003,63.5258,0.568664
20950,78.125,0.363616,64.1337,0.559576
20960,75,0.380943,63.2219,0.564272
20970,78.125,0.319131,63.5258,0.567286
20980,90.625,0.223229,64.7416,0.560739
20990,71.875,0.462647,64.4377,0.555933
21000,71.875,0.408035,63.5258,0.558758
21010,81.25,0.339717,64.1337,0.554479
21020,56.25,0.528313,63.5258,0.566061
21030,81.25,0.379618,62.0061,0.567181
21040,75,0.383088,63.5258,0.56542
21050,71.875,0.411231,64.1337,0.561235
21060,75,0.365549,64.7416,0.559876
21070,78.125,0.378562,63.8298,0.57544
21080,81.25,0.285624,64.7416,0.559831
21090,78.125,0.357249,64.4377,0.559128
21100,65.625,0.523112,64.1337,0.562266
21110,62.5,0.45061,64.4377,0.561866
21120,81.25,0.389961,64.7416,0.566703
21130,75,0.380963,64.4377,0.558224
21140,65.625,0.453308,64.1337,0.556762
21150,65.625,0.387912,63.5258,0.564331
21160,78.125,0.327349,64.4377,0.562802
21170,84.375,0.274139,62.9179,0.557127
21180,78.125,0.336375,62.9179,0.558764
21190,75,0.421486,62.9179,0.563472
21200,78.125,0.384716,62.9179,0.565924
21210,71.875,0.369597,64.4377,0.559607
21220,71.875,0.329809,63.8298,0.569476
21230,71.875,0.438606,64.1337,0.55982
21240,71.875,0.399301,64.7416,0.562698
21250,84.375,0.277214,63.2219,0.560614
21260,62.5,0.503495,64.4377,0.563683
21270,71.875,0.404526,62.9179,0.572251
21280,84.375,0.346006,63.8298,0.57113
21290,75,0.400346,63.5258,0.557341
21300,75,0.361323,64.4377,0.561204
21310,78.125,0.347291,63.8298,0.56295
21320,68.75,0.497161,62.9179,0.563629
21330,71.875,0.380918,64.1337,0.555461
21340,84.375,0.279289,63.8298,0.558929
21350,78.125,0.375244,64.1337,0.557401
21360,78.125,0.337764,64.4377,0.559821
21370,81.25,0.289389,62.9179,0.557422
21380,62.5,0.538297,64.1337,0.563195
21390,81.25,0.359663,63.2219,0.55916
21400,87.5,0.26206,64.7416,0.562007
21410,78.125,0.342734,63.5258,0.557631
21420,71.875,0.416898,63.8298,0.558645
21430,75,0.34624,63.2219,0.56127
21440,81.25,0.252596,63.2219,0.560876
21450,84.375,0.282076,63.2219,0.569204
21460,78.125,0.297115,63.8298,0.55822
21470,75,0.377275,63.2219,0.564714
21480,71.875,0.427963,63.5258,0.558529
21490,65.625,0.496313,62.614,0.559941
21500,75,0.328231,63.8298,0.557876
21510,87.5,0.281503,63.5258,0.556739
21520,78.125,0.345884,63.8298,0.561183
21530,87.5,0.214996,62.614,0.562492
21540,68.75,0.377456,64.1337,0.574184
21550,87.5,0.283089,64.1337,0.566472
21560,81.25,0.376678,63.2219,0.557851
21570,84.375,0.284965,63.5258,0.560835
21580,81.25,0.306192,64.7416,0.559277
21590,71.875,0.426047,63.2219,0.559758
21600,71.875,0.413619,65.0456,0.55659
21610,84.375,0.31372,64.1337,0.559899
21620,84.375,0.295162,63.5258,0.557416
21630,68.75,0.440975,62.9179,0.561438
21640,87.5,0.296992,63.2219,0.555464
21650,81.25,0.330574,64.1337,0.571574
21660,59.375,0.510217,63.5258,0.564731
21670,81.25,0.262536,64.1337,0.557688
21680,68.75,0.421942,63.8298,0.560668
21690,90.625,0.227585,65.0456,0.562631
21700,78.125,0.324848,62.9179,0.561959
21710,81.25,0.326333,65.3495,0.55925
21720,81.25,0.272075,63.5258,0.557418
21730,81.25,0.333412,63.2219,0.559968
21740,78.125,0.321276,64.4377,0.557812
21750,87.5,0.251236,63.8298,0.556974
21760,87.5,0.202188,63.2219,0.557603
21770,84.375,0.289076,63.5258,0.567501
21780,65.625,0.465924,64.1337,0.554205
21790,68.75,0.440769,63.8298,0.560377
21800,78.125,0.411123,63.8298,0.568418
21810,93.75,0.209716,64.4377,0.557904
21820,78.125,0.384988,64.1337,0.557265
21830,81.25,0.28784,64.1337,0.559749
21840,78.125,0.345916,65.0456,0.556398
21850,75,0.403186,64.7416,0.557496
21860,81.25,0.327565,64.1337,0.557222
21870,71.875,0.421414,64.1337,0.556531
21880,78.125,0.331541,65.0456,0.561287
21890,84.375,0.250993,63.8298,0.557245
21900,75,0.365309,63.2219,0.555965
21910,87.5,0.207878,63.5258,0.556857
21920,84.375,0.342226,63.2219,0.557069
21930,75,0.336473,65.0456,0.564124
21940,65.625,0.439612,63.8298,0.562153
21950,75,0.404092,63.5258,0.562342
21960,78.125,0.344812,63.2219,0.570508
21970,81.25,0.354278,64.4377,0.559112
21980,75,0.362516,65.0456,0.560764
21990,71.875,0.39687,63.5258,0.558423
22000,65.625,0.462667,63.5258,0.556742
22010,65.625,0.518506,64.4377,0.555716
22020,65.625,0.49883,63.5258,0.557104
22030,71.875,0.477595,63.5258,0.580765
22040,78.125,0.372629,65.0456,0.559652
22050,71.875,0.382643,64.7416,0.567061
22060,75,0.366575,63.8298,0.559627
22070,87.5,0.213293,63.5258,0.557004
22080,84.375,0.261259,63.2219,0.560549
22090,78.125,0.345873,64.4377,0.557727
22100,84.375,0.330169,64.1337,0.55678
22110,71.875,0.341786,64.4377,0.557927
22120,81.25,0.296239,64.1337,0.559866
22130,87.5,0.316222,63.5258,0.557766
22140,62.5,0.460232,64.1337,0.556919
22150,81.25,0.285797,63.5258,0.562372
22160,78.125,0.289604,64.4377,0.565958
22170,81.25,0.327909,64.1337,0.556194
22180,84.375,0.313767,64.4377,0.565601
22190,71.875,0.403332,63.5258,0.555363
22200,87.5,0.264258,63.8298,0.557196
22210,81.25,0.345102,64.1337,0.562461
22220,78.125,0.380955,64.7416,0.557399
22230,84.375,0.286206,64.7416,0.557907
22240,68.75,0.447814,63.8298,0.556755
22250,90.625,0.21226,64.7416,0.560013
22260,81.25,0.353158,63.8298,0.558642
22270,75,0.393001,64.7416,0.56178
22280,71.875,0.36625,63.8298,0.560379
22290,78.125,0.284971,64.1337,0.561753
22300,87.5,0.273463,64.7416,0.562772
22310,78.125,0.381237,64.1337,0.556719
22320,56.25,0.503455,64.4377,0.565925
22330,87.5,0.280334,64.4377,0.572262
22340,75,0.382374,64.7416,0.559866
22350,78.125,0.350542,63.8298,0.564266
22360,81.25,0.340686,64.1337,0.563192
22370,84.375,0.301394,64.4377,0.557804
22380,71.875,0.417509,64.1337,0.55789
22390,90.625,0.222538,63.8298,0.563455
22400,81.25,0.38481,63.5258,0.567222
22410,75,0.390887,64.7416,0.564761
22420,78.125,0.337001,62.9179,0.568917
22430,78.125,0.368735,63.8298,0.570571
22440,78.125,0.342423,64.1337,0.578331
22450,84.375,0.264522,63.5258,0.561305
22460,87.5,0.284916,64.1337,0.570433
22470,75,0.370574,64.1337,0.567093
22480,84.375,0.308675,64.1337,0.553683
22490,68.75,0.439613,64.7416,0.560218
22500,75,0.378411,64.7416,0.56668
22510,81.25,0.328546,64.7416,0.566304
22520,75,0.403908,64.7416,0.561337
22530,78.125,0.358633,64.7416,0.558311
22540,75,0.399648,65.0456,0.566069
22550,75,0.373471,64.7416,0.562057
22560,78.125,0.303187,64.7416,0.559379
22570,75,0.358065,64.4377,0.56023
22580,71.875,0.360499,64.4377,0.568961
22590,78.125,0.346613,64.7416,0.571836
22600,87.5,0.215824,63.5258,0.56247
22610,75,0.384818,63.2219,0.56687
22620,81.25,0.335324,63.5258,0.559793
22630,71.875,0.429689,64.1337,0.557562
22640,84.375,0.348138,64.7416,0.563653
22650,62.5,0.560086,62.0061,0.576005
22660,84.375,0.24647,63.8298,0.556604
22670,87.5,0.278262,64.7416,0.557205
22680,84.375,0.228319,64.7416,0.560239
22690,84.375,0.300213,65.3495,0.563706
22700,81.25,0.332547,64.1337,0.556671
22710,75,0.330968,64.1337,0.564491
22720,75,0.324767,64.7416,0.567526
22730,65.625,0.43738,63.8298,0.560642
22740,71.875,0.442576,63.5258,0.5569
22750,84.375,0.280008,64.4377,0.558605
22760,87.5,0.304733,65.0456,0.558343
22770,81.25,0.337877,63.8298,0.557046
22780,81.25,0.333276,63.5258,0.556687
22790,75,0.335268,63.5258,0.557273
22800,81.25,0.342177,64.1337,0.564384
22810,75,0.328368,63.2219,0.560809
22820,71.875,0.402892,62.9179,0.559676
22830,81.25,0.304945,63.5258,0.556602
22840,84.375,0.319158,65.0456,0.557366
22850,81.25,0.308724,63.8298,0.570974
22860,84.375,0.286813,64.4377,0.55501
22870,71.875,0.429459,64.1337,0.568808
22880,87.5,0.245669,65.0456,0.556396
22890,75,0.390409,64.4377,0.567699
22900,81.25,0.308764,64.1337,0.56491
22910,84.375,0.320827,64.1337,0.561627
22920,75,0.344291,64.7416,0.565032
22930,81.25,0.330068,64.1337,0.5575
22940,81.25,0.350983,64.1337,0.559009
22950,78.125,0.327895,63.5258,0.559813
22960,87.5,0.211168,64.4377,0.558021
22970,71.875,0.377039,63.8298,0.554671
22980,75,0.293547,64.7416,0.562876
22990,87.5,0.205988,63.5258,0.558596
23000,62.5,0.52228,64.1337,0.56845
23010,78.125,0.357904,62.614,0.560702
23020,84.375,0.317119,64.1337,0.556313
23030,81.25,0.329157,64.1337,0.562093
23040,62.5,0.544146,64.4377,0.567181
23050,78.125,0.338488,64.4377,0.562729
23060,62.5,0.528073,64.4377,0.563491
23070,81.25,0.307739,64.4377,0.561992
23080,65.625,0.425538,64.7416,0.56906
23090,71.875,0.432855,64.1337,0.56546
23100,87.5,0.237085,63.5258,0.56367
23110,71.875,0.397837,63.2219,0.554598
23120,71.875,0.411997,64.4377,0.560753
23130,78.125,0.406777,65.3495,0.555498
23140,81.25,0.317326,63.5258,0.567665
23150,81.25,0.356941,63.8298,0.557049
23160,90.625,0.195272,63.8298,0.56205
23170,81.25,0.286546,62.31,0.561364
23180,78.125,0.302467,64.7416,0.557703
23190,78.125,0.341356,63.8298,0.557712
23200,68.75,0.366438,64.7416,0.558143
23210,59.375,0.428497,64.4377,0.555519
23220,81.25,0.297009,64.7416,0.558271
23230,78.125,0.304702,64.4377,0.552769
23240,81.25,0.325071,63.2219,0.55816
23250,62.5,0.480801,65.6535,0.557276
23260,78.125,0.360189,64.1337,0.557945
23270,81.25,0.332421,64.7416,0.563283
23280,65.625,0.52841,65.0456,0.5645
23290,56.25,0.616083,65.6535,0.558501
23300,75,0.443359,64.4377,0.564392
23310,78.125,0.389665,64.1337,0.564086
23320,84.375,0.270093,64.7416,0.556189
23330,78.125,0.334684,64.4377,0.556366
23340,84.375,0.294519,64.7416,0.556217
23350,87.5,0.26095,64.1337,0.578179
23360,75,0.401041,65.0456,0.559275
23370,84.375,0.257369,64.4377,0.558534
23380,75,0.305472,64.7416,0.557408
23390,84.375,0.253934,65.0456,0.5699
23400,78.125,0.351307,64.7416,0.560005
23410,84.375,0.313556,65.3495,0.55932
23420,81.25,0.319428,65.0456,0.56833
23430,78.125,0.298761,64.1337,0.561493
23440,68.75,0.374937,64.1337,0.554815
23450,78.125,0.266653,64.7416,0.563346
23460,68.75,0.387057,65.0456,0.56166
23470,81.25,0.286913,63.8298,0.551366
23480,81.25,0.276986,64.7416,0.555975
23490,90.625,0.24907,64.7416,0.554742
23500,81.25,0.274778,63.2219,0.564106
23510,65.625,0.441792,65.3495,0.556455
23520,71.875,0.480047,63.2219,0.562632
23530,87.5,0.278276,65.0456,0.560787
23540,68.75,0.427961,64.4377,0.554664
23550,75,0.392768,65.0456,0.558937
23560,75,0.440312,63.5258,0.554682
23570,84.375,0.325634,64.4377,0.557814
23580,78.125,0.34316,63.5258,0.553826
23590,78.125,0.428492,64.4377,0.558568
23600,78.125,0.349339,64.4377,0.556087
23610,78.125,0.301442,63.2219,0.574919
23620,75,0.383062,63.5258,0.558205
23630,62.5,0.395691,65.0456,0.55654
23640,75,0.377168,65.0456,0.562531
23650,81.25,0.320603,63.5258,0.5786
23660,68.75,0.370217,64.4377,0.561482
23670,71.875,0.392498,64.7416,0.566908
23680,78.125,0.404917,64.7416,0.566048
23690,65.625,0.44372,64.4377,0.567595
23700,71.875,0.474154,64.1337,0.570448
23710,81.25,0.27059,63.5258,0.557605
23720,84.375,0.28772,64.1337,0.554012
23730,81.25,0.261883,63.2219,0.55588
23740,78.125,0.308478,63.8298,0.556328
23750,78.125,0.354985,64.4377,0.553628
23760,78.125,0.343806,64.1337,0.563736
23770,81.25,0.325314,63.8298,0.557004
23780,75,0.315979,63.8298,0.556013
23790,71.875,0.405602,64.4377,0.558055
23800,68.75,0.391088,64.1337,0.555734
23810,68.75,0.403905,65.0456,0.559519
23820,71.875,0.369229,65.3495,0.55967
23830,84.375,0.323267,64.1337,0.555907
23840,68.75,0.431255,64.1337,0.557039
23850,75,0.37833,65.3495,0.555458
23860,81.25,0.302796,63.8298,0.55856
23870,78.125,0.328716,63.5258,0.55922
23880,81.25,0.341975,64.1337,0.559241
23890,78.125,0.272511,65.0456,0.559808
23900,81.25,0.281224,65.0456,0.557534
23910,81.25,0.315912,64.1337,0.555414
23920,81.25,0.349199,63.2219,0.566989
23930,90.625,0.2235,64.1337,0.554567
23940,90.625,0.198292,64.7416,0.561852
23950,75,0.385924,64.7416,0.552705
23960,75,0.364422,64.4377,0.558333
23970,75,0.373922,63.8298,0.557932
23980,84.375,0.294645,63.5258,0.556347
23990,84.375,0.313309,64.1337,0.555035
24000,78.125,0.339366,64.7416,0.556324
24010,75,0.414505,64.7416,0.552252
24020,84.375,0.246603,63.8298,0.570921
24030,81.25,0.310342,64.1337,0.553018
24040,59.375,0.450384,64.1337,0.556925
24050,68.75,0.400391,63.5258,0.552642
24060,71.875,0.406103,65.0456,0.566805
24070,81.25,0.322355,65.3495,0.565579
24080,78.125,0.359226,63.8298,0.556306
24090,84.375,0.286476,64.4377,0.553414
24100,81.25,0.268539,65.0456,0.55291
24110,84.375,0.30896,64.4377,0.55257
24120,71.875,0.421456,64.7416,0.554143
24130,75,0.392394,64.4377,0.555074
24140,81.25,0.343226,65.0456,0.562689
24150,75,0.320131,65.0456,0.559355
24160,81.25,0.334446,63.8298,0.556856
24170,84.375,0.288127,63.8298,0.557166
24180,75,0.375418,63.8298,0.554193
24190,78.125,0.36148,64.1337,0.554018
24200,75,0.353431,64.1337,0.560009
24210,78.125,0.352882,64.7416,0.557147
24220,90.625,0.215922,65.0456,0.556124
24230,81.25,0.361659,65.6535,0.564752
24240,78.125,0.362924,64.1337,0.557945
24250,81.25,0.36921,65.3495,0.565691
24260,71.875,0.413616,63.8298,0.550319
24270,84.375,0.345689,64.7416,0.547989
24280,75,0.346684,65.6535,0.55554
24290,78.125,0.30276,63.8298,0.548493
24300,84.375,0.284256,65.9574,0.554017
24310,81.25,0.385165,63.5258,0.547985
24320,81.25,0.340206,63.8298,0.551713
24330,75,0.401667,64.4377,0.551354
24340,65.625,0.439166,63.8298,0.553579
24350,56.25,0.571667,64.1337,0.555623
24360,75,0.32488,65.3495,0.557453
24370,84.375,0.240669,64.4377,0.555809
24380,81.25,0.308084,63.5258,0.560256
24390,71.875,0.357639,65.9574,0.577542
24400,84.375,0.283376,64.4377,0.558305
24410,84.375,0.254017,64.1337,0.556957
24420,75,0.366053,63.8298,0.558501
24430,93.75,0.20057,63.5258,0.558712
24440,90.625,0.254348,64.4377,0.559704
24450,81.25,0.330571,62.9179,0.561018
24460,71.875,0.372821,64.7416,0.553945
24470,84.375,0.318968,65.3495,0.558402
24480,84.375,0.282206,64.1337,0.555872
24490,84.375,0.349645,62.0061,0.565424
24500,87.5,0.261628,64.1337,0.555398
24510,62.5,0.422361,63.8298,0.561143
24520,68.75,0.44221,65.3495,0.56663
24530,71.875,0.368376,63.5258,0.55275
24540,81.25,0.301566,63.8298,0.552627
24550,75,0.383961,63.8298,0.555
24560,62.5,0.412384,64.4377,0.556184
24570,84.375,0.274043,65.0456,0.55901
24580,84.375,0.249361,65.6535,0.55975
24590,78.125,0.263673,63.5258,0.55249
24600,90.625,0.21921,65.3495,0.556637
24610,62.5,0.491281,62.9179,0.572445
24620,81.25,0.331529,63.8298,0.553837
24630,90.625,0.232388,64.7416,0.551856
24640,71.875,0.411102,64.4377,0.570978
24650,46.875,0.560022,65.3495,0.550712
24660,75,0.430913,65.0456,0.557164
24670,75,0.327942,64.4377,0.555507
24680,81.25,0.357688,64.7416,0.556762
24690,75,0.37148,64.7416,0.55269
24700,75,0.437438,64.1337,0.556498
24710,81.25,0.261114,64.7416,0.564232
24720,81.25,0.337609,65.0456,0.569342
24730,75,0.386034,65.0456,0.5556
24740,68.75,0.467266,63.2219,0.558758
24750,78.125,0.316867,64.1337,0.555344
24760,75,0.366106,64.1337,0.554382
24770,93.75,0.200908,64.7416,0.555313
24780,87.5,0.266856,65.0456,0.5598
24790,78.125,0.358478,65.3495,0.556413
24800,78.125,0.331262,64.1337,0.5642
24810,84.375,0.32901,63.5258,0.558011
24820,71.875,0.439776,64.7416,0.561246
24830,90.625,0.281016,64.4377,0.555865
24840,78.125,0.383297,63.8298,0.562053
24850,68.75,0.371754,64.7416,0.565821
24860,84.375,0.241705,65.0456,0.552059
24870,71.875,0.339196,65.0456,0.554933
24880,87.5,0.318773,64.4377,0.554113
24890,81.25,0.319171,64.4377,0.555967
24900,68.75,0.391738,64.7416,0.56006
24910,87.5,0.246628,64.7416,0.555467
24920,87.5,0.234618,65.0456,0.554875
24930,78.125,0.337092,63.8298,0.557641
24940,75,0.326296,64.4377,0.56538
24950,68.75,0.447083,64.1337,0.568997
24960,87.5,0.288174,63.8298,0.556546
24970,87.5,0.322571,63.2219,0.559376
24980,75,0.346493,64.7416,0.557281
24990,78.125,0.347025,64.7416,0.563679
25000,78.125,0.305941,64.7416,0.556642
25010,81.25,0.298488,64.1337,0.555745
25020,84.375,0.311573,64.1337,0.553985
25030,71.875,0.344216,64.4377,0.554979
25040,68.75,0.430768,64.4377,0.566091
25050,81.25,0.306749,64.4377,0.55326
25060,78.125,0.336753,64.1337,0.566497
25070,68.75,0.333374,64.4377,0.559568
25080,75,0.376413,62.614,0.605783
25090,78.125,0.249718,64.4377,0.556051
25100,62.5,0.505079,64.7416,0.565883
25110,90.625,0.260288,64.7416,0.553232
25120,68.75,0.424119,64.4377,0.55431
25130,78.125,0.309089,65.0456,0.555646
25140,75,0.42886,63.8298,0.559617
25150,78.125,0.333997,64.1337,0.562249
25160,78.125,0.313814,65.0456,0.557076
25170,90.625,0.295345,64.7416,0.556409
25180,75,0.338544,64.1337,0.561383
25190,84.375,0.285021,63.8298,0.55979
25200,87.5,0.286,64.1337,0.574738
25210,75,0.440656,65.3495,0.557638
25220,84.375,0.251872,64.1337,0.557071
25230,87.5,0.223685,64.7416,0.557366
25240,78.125,0.319386,64.4377,0.561898
25250,81.25,0.357236,64.1337,0.558674
25260,81.25,0.366648,64.4377,0.556485
25270,78.125,0.317,65.0456,0.570076
25280,81.25,0.350043,65.0456,0.558011
25290,81.25,0.341128,65.3495,0.577957
25300,75,0.381087,65.0456,0.557921
25310,84.375,0.289077,63.8298,0.554736
25320,81.25,0.285398,65.3495,0.558495
25330,81.25,0.306313,63.5258,0.557424
25340,71.875,0.451341,65.3495,0.556093
25350,81.25,0.293567,65.9574,0.564714
25360,75,0.38676,64.1337,0.556806
25370,84.375,0.289291,64.4377,0.557542
25380,93.75,0.162597,65.3495,0.554762
25390,84.375,0.320405,65.0456,0.565996
25400,87.5,0.306862,65.3495,0.557173
25410,71.875,0.366035,65.0456,0.559074
25420,81.25,0.269252,65.6535,0.565122
25430,84.375,0.248076,65.6535,0.552403
25440,75,0.34095,65.0456,0.552434
25450,84.375,0.290795,65.0456,0.557525
25460,78.125,0.341384,65.0456,0.549664
25470,75,0.294311,65.6535,0.562695
25480,78.125,0.379524,65.9574,0.550647
25490,62.5,0.397324,65.3495,0.552699
25500,81.25,0.309946,63.5258,0.555588
25510,87.5,0.248141,64.7416,0.556025
25520,81.25,0.249927,65.0456,0.563039
25530,81.25,0.274532,63.5258,0.55505
25540,84.375,0.292594,65.0456,0.560887
25550,75,0.354163,65.6535,0.572876
25560,84.375,0.273247,64.4377,0.558728
25570,68.75,0.42138,65.0456,0.558405
25580,75,0.391806,65.0456,0.558894
25590,81.25,0.295424,63.8298,0.558444
25600,93.75,0.280736,64.7416,0.559743
25610,87.5,0.254607,64.7416,0.557244
25620,68.75,0.356999,63.8298,0.562793
25630,81.25,0.362809,64.1337,0.556918
25640,65.625,0.447895,64.7416,0.564606
25650,81.25,0.286304,64.7416,0.560127
25660,87.5,0.242522,63.5258,0.566186
25670,71.875,0.423778,64.7416,0.553069
25680,87.5,0.227192,63.8298,0.557664
25690,93.75,0.192955,65.0456,0.555462
25700,84.375,0.251309,63.8298,0.553219
25710,84.375,0.244805,64.4377,0.560072
25720,84.375,0.259462,63.8298,0.551518
25730,78.125,0.315064,64.7416,0.555427
25740,71.875,0.370611,65.6535,0.572875
25750,68.75,0.418243,65.0456,0.559277
25760,81.25,0.354209,61.0942,0.572312
25770,78.125,0.274478,64.1337,0.576319
25780,84.375,0.285107,64.4377,0.551354
25790,87.5,0.282202,63.5258,0.55021
25800,81.25,0.344116,65.0456,0.557734
25810,87.5,0.254109,65.3495,0.557745
25820,84.375,0.293862,64.7416,0.55512
25830,84.375,0.288361,63.8298,0.561364
25840,87.5,0.316026,65.3495,0.560733
25850,78.125,0.35865,64.1337,0.559532
25860,81.25,0.247882,65.0456,0.557788
25870,81.25,0.265576,64.7416,0.55933
25880,75,0.389996,64.7416,0.557252
25890,87.5,0.273451,64.1337,0.556335
25900,65.625,0.506261,64.7416,0.555438
25910,90.625,0.247261,63.5258,0.55684
25920,87.5,0.280369,64.4377,0.556676
25930,78.125,0.342353,64.7416,0.554095
25940,87.5,0.215044,64.1337,0.557813
25950,71.875,0.366924,63.8298,0.555868
25960,87.5,0.239012,64.4377,0.563189
25970,81.25,0.292583,64.7416,0.558613
25980,90.625,0.18092,64.1337,0.564868
25990,78.125,0.319429,64.7416,0.557542
26000,81.25,0.331212,63.2219,0.568042
26010,87.5,0.22453,64.1337,0.560161
26020,96.875,0.194548,63.8298,0.556416
26030,84.375,0.381261,65.0456,0.557457
26040,71.875,0.416788,65.0456,0.556031
26050,75,0.333142,65.3495,0.580301
26060,68.75,0.434675,65.0456,0.554237
26070,84.375,0.299203,65.0456,0.560833
26080,90.625,0.191935,64.7416,0.563441
26090,71.875,0.372647,64.1337,0.554975
26100,75,0.432848,63.8298,0.556484
26110,78.125,0.318021,65.0456,0.557708
26120,78.125,0.385449,63.5258,0.552823
26130,75,0.328919,65.3495,0.563206
26140,78.125,0.377603,65.0456,0.571871
26150,75,0.340701,65.3495,0.558329
26160,84.375,0.270409,65.0456,0.567585
26170,78.125,0.332174,64.7416,0.555695
26180,71.875,0.424779,64.4377,0.563508
26190,84.375,0.309815,64.4377,0.576191
26200,87.5,0.245595,65.0456,0.563613
26210,81.25,0.293078,65.3495,0.559688
26220,81.25,0.356584,64.4377,0.559443
26230,87.5,0.18366,64.4377,0.559445
26240,81.25,0.314403,63.5258,0.562817
26250,81.25,0.37014,64.4377,0.575255
26260,87.5,0.256493,64.4377,0.561427
26270,87.5,0.282256,64.7416,0.56039
26280,75,0.391989,64.7416,0.55904
26290,81.25,0.279087,65.0456,0.562208
26300,81.25,0.252629,65.6535,0.556947
26310,62.5,0.52764,65.6535,0.568198
26320,81.25,0.283162,62.614,0.563539
26330,78.125,0.38632,64.4377,0.571018
26340,84.375,0.284507,64.7416,0.557514
26350,59.375,0.537179,64.4377,0.558413
26360,81.25,0.327746,65.0456,0.556837
26370,87.5,0.252948,65.9574,0.559877
26380,68.75,0.41815,64.1337,0.558183
26390,78.125,0.342718,65.0456,0.566923
26400,75,0.301078,65.6535,0.561677
26410,78.125,0.304215